mtllib ./th_05_25.mtl

g r0000.88341
usemtl 0.BaseMaterial
usemap 0.BaseMaterial
v 2.6 00 2.7
v 2.6 0.009999482 1.2
v 2.5480898 -0.5070544 2.7
v 2.5500404 -0.49724704 1.2
v 2.3982562 -0.9942387 2.7
v 2.4020828 -0.9850001 1.2
v 2.156257 -1.4428306 2.7
v 2.1618122 -1.4345164 1.2
v 1.8313922 -1.835591 2.7
v 1.8384624 -1.8285202 1.2
v 1.436146 -2.1574264 2.7
v 1.4444601 -2.151871 1.2
v 0.9857078 -2.395969 2.7
v 0.9949457 -2.3921422 1.2
v 0.49738696 -2.5420516 2.7
v 0.5071941 -2.5401002 1.2
v -0.010049091 -2.5900598 2.7
v -0.0000498055 -2.5900598 1.2
v -0.51710156 -2.5381498 2.7
v -0.5072944 -2.5401002 1.2
v -1.0042841 -2.3883152 2.7
v -0.9950459 -2.3921422 1.2
v -1.4528745 -2.1463148 2.7
v -1.4445602 -2.1518702 1.2
v -1.8456328 -1.8214492 2.7
v -1.8385622 -1.82852 1.2000011
v -2.1674672 -1.4262012 2.7
v -2.1619122 -1.4345155 1.2000011
v -2.4060088 -0.975761 2.7
v -2.4021828 -0.9849994 1.2000011
v -2.5520902 -0.48743904 2.7
v -2.5501402 -0.4972464 1.2000011
v -2.6000988 0.019999756 2.7
v -2.6000992 0.010000274 1.2000011
v -2.548189 0.5270543 2.7
v -2.5501398 0.51724696 1.2000011
v -2.398355 1.0142382 2.7
v -2.4021816 1.0049997 1.2000011
v -2.1563556 1.4628301 2.7
v -2.161911 1.454516 1.2000011
v -1.831491 1.8555908 2.7
v -1.8385618 1.84852 1.2000011
v -1.436245 2.1774262 2.7
v -1.4445592 2.171871 1.2
v -0.9858062 2.415969 2.7
v -0.9950446 2.4121422 1.2
v -0.4974867 2.562051 2.7
v -0.5072941 2.5601 1.2
v 0.009950358 2.610059 2.7
v -0.000049241124 2.610059 1.2
v 0.51700256 2.5581492 2.7
v 0.50719524 2.5601 1.2
v 1.0041851 2.4083148 2.7
v 0.9949466 2.4121416 1.2
v 1.4527756 2.1663144 2.7
v 1.4444611 2.1718696 1.2
v 1.8455344 1.8414482 2.7
v 1.8384638 1.8485188 1.2
v 2.167368 1.4462012 2.7
v 2.1618122 1.4545155 1.2
v 2.4059098 0.9957609 2.7
v 2.4020828 1.0049992 1.2
v 2.551992 0.5074384 2.7
v 2.5500404 0.5172457 1.2
v 2.6 -00 2.7
v 2.6 0.009999028 1.2
v 2.81897 00 2.6999962
v 2.8189698 0.009999482 1.199979
v 2.7628524 -0.54977344 2.6999962
v 2.7648028 -0.5399661 1.199979
v 2.600558 -1.0780351 2.6999962
v 2.6043848 -1.0687968 1.1999792
v 2.338324 -1.5644844 2.6999962
v 2.3438796 -1.55617 1.1999792
v 1.9862274 -1.9904268 2.6999962
v 1.9932976 -1.983356 1.1999792
v 1.5577992 -2.339494 2.6999962
v 1.5661135 -2.3339384 1.1999794
v 1.0695039 -2.5982716 2.6999962
v 1.0787421 -2.5944444 1.1999794
v 0.5401059 -2.756815 2.6999962
v 0.54991304 -2.7548638 1.1999794
v -0.010049078 -2.8090304 2.6999962
v -0.000049792456 -2.8090304 1.1999794
v -0.5598204 -2.7529128 2.6999964
v -0.55001324 -2.7548638 1.1999794
v -1.0880805 -2.590618 2.6999964
v -1.0788422 -2.5944444 1.1999795
v -1.5745278 -2.3283828 2.6999964
v -1.5662138 -2.3339378 1.1999795
v -2.0004682 -1.976285 2.6999964
v -1.9933972 -1.9833556 1.1999798
v -2.3495342 -1.5478552 2.6999964
v -2.343979 -1.5561694 1.1999798
v -2.6083108 -1.0595574 2.6999964
v -2.6044844 -1.0687958 1.1999798
v -2.766853 -0.5301582 2.6999964
v -2.7649024 -0.53996556 1.1999798
v -2.8190688 0.019999774 2.6999964
v -2.8190696 0.010000294 1.1999798
v -2.7629512 0.56977344 2.6999964
v -2.7649024 0.55996604 1.1999798
v -2.6006564 1.0980348 2.6999964
v -2.6044836 1.0887962 1.1999798
v -2.3384228 1.5844839 2.6999964
v -2.343978 1.5761698 1.1999798
v -1.9863264 2.0104264 2.6999964
v -1.9933968 2.003356 1.1999798
v -1.5578981 2.359494 2.6999964
v -1.5662124 2.353939 1.1999795
v -1.0696022 2.6182716 2.6999964
v -1.0788406 2.614445 1.1999795
v -0.54020556 2.7768144 2.6999964
v -0.55001304 2.774863 1.1999794
v 0.009950371 2.8290302 2.6999962
v -0.00004922808 2.8290302 1.1999794
v 0.55972156 2.7729128 2.6999962
v 0.5499141 2.774863 1.1999794
v 1.0879814 2.6106176 2.6999962
v 1.078743 2.6144444 1.1999794
v 1.5744289 2.348382 2.6999962
v 1.5661144 2.3539376 1.1999794
v 2.00037 1.996284 2.6999962
v 1.993299 2.0033548 1.1999792
v 2.3494348 1.567855 2.6999962
v 2.3438796 1.576169 1.1999792
v 2.6082118 1.0795574 2.6999962
v 2.604385 1.0887958 1.1999792
v 2.766754 0.5501575 2.6999962
v 2.764803 0.5599649 1.199979
v 2.81897 -00 2.6999962
v 2.8189698 0.009998991 1.199979
v 2.6 00 2.7
v 2.5480898 -0.5070544 2.7
v 2.3982562 -0.9942387 2.7
v 2.156257 -1.4428306 2.7
v 1.8313922 -1.835591 2.7
v 1.436146 -2.1574264 2.7
v 0.9857078 -2.395969 2.7
v 0.49738696 -2.5420516 2.7
v -0.010049091 -2.5900598 2.7
v -0.51710156 -2.5381498 2.7
v -1.0042841 -2.3883152 2.7
v -1.4528745 -2.1463148 2.7
v -1.8456328 -1.8214492 2.7
v -2.1674672 -1.4262012 2.7
v -2.4060088 -0.975761 2.7
v -2.5520902 -0.48743904 2.7
v -2.6000988 0.019999756 2.7
v -2.548189 0.5270543 2.7
v -2.398355 1.0142382 2.7
v -2.1563556 1.4628301 2.7
v -1.831491 1.8555908 2.7
v -1.436245 2.1774262 2.7
v -0.9858062 2.415969 2.7
v -0.4974867 2.562051 2.7
v 0.009950358 2.610059 2.7
v 0.51700256 2.5581492 2.7
v 1.0041851 2.4083148 2.7
v 1.4527756 2.1663144 2.7
v 1.8455344 1.8414482 2.7
v 2.167368 1.4462012 2.7
v 2.4059098 0.9957609 2.7
v 2.551992 0.5074384 2.7
v 2.6 -00 2.7
v 2.81897 00 2.6999962
v 2.7628524 -0.54977344 2.6999962
v 2.600558 -1.0780351 2.6999962
v 2.338324 -1.5644844 2.6999962
v 1.9862274 -1.9904268 2.6999962
v 1.5577992 -2.339494 2.6999962
v 1.0695039 -2.5982716 2.6999962
v 0.5401059 -2.756815 2.6999962
v -0.010049078 -2.8090304 2.6999962
v -0.5598204 -2.7529128 2.6999964
v -1.0880805 -2.590618 2.6999964
v -1.5745278 -2.3283828 2.6999964
v -2.0004682 -1.976285 2.6999964
v -2.3495342 -1.5478552 2.6999964
v -2.6083108 -1.0595574 2.6999964
v -2.766853 -0.5301582 2.6999964
v -2.8190688 0.019999774 2.6999964
v -2.7629512 0.56977344 2.6999964
v -2.6006564 1.0980348 2.6999964
v -2.3384228 1.5844839 2.6999964
v -1.9863264 2.0104264 2.6999964
v -1.5578981 2.359494 2.6999964
v -1.0696022 2.6182716 2.6999964
v -0.54020556 2.7768144 2.6999964
v 0.009950371 2.8290302 2.6999962
v 0.55972156 2.7729128 2.6999962
v 1.0879814 2.6106176 2.6999962
v 1.5744289 2.348382 2.6999962
v 2.00037 1.996284 2.6999962
v 2.3494348 1.567855 2.6999962
v 2.6082118 1.0795574 2.6999962
v 2.766754 0.5501575 2.6999962
v 2.81897 -00 2.6999962
v 2.6 0.009999482 1.2
v 2.5500404 -0.49724704 1.2
v 2.4020828 -0.9850001 1.2
v 2.1618122 -1.4345164 1.2
v 1.8384624 -1.8285202 1.2
v 1.4444601 -2.151871 1.2
v 0.9949457 -2.3921422 1.2
v 0.5071941 -2.5401002 1.2
v -0.0000498055 -2.5900598 1.2
v -0.5072944 -2.5401002 1.2
v -0.9950459 -2.3921422 1.2
v -1.4445602 -2.1518702 1.2
v -1.8385622 -1.82852 1.2000011
v -2.1619122 -1.4345155 1.2000011
v -2.4021828 -0.9849994 1.2000011
v -2.5501402 -0.4972464 1.2000011
v -2.6000992 0.010000274 1.2000011
v -2.5501398 0.51724696 1.2000011
v -2.4021816 1.0049997 1.2000011
v -2.161911 1.454516 1.2000011
v -1.8385618 1.84852 1.2000011
v -1.4445592 2.171871 1.2
v -0.9950446 2.4121422 1.2
v -0.5072941 2.5601 1.2
v -0.000049241124 2.610059 1.2
v 0.50719524 2.5601 1.2
v 0.9949466 2.4121416 1.2
v 1.4444611 2.1718696 1.2
v 1.8384638 1.8485188 1.2
v 2.1618122 1.4545155 1.2
v 2.4020828 1.0049992 1.2
v 2.5500404 0.5172457 1.2
v 2.6 0.009999028 1.2
v 2.8189698 0.009999482 1.199979
v 2.7648028 -0.5399661 1.199979
v 2.6043848 -1.0687968 1.1999792
v 2.3438796 -1.55617 1.1999792
v 1.9932976 -1.983356 1.1999792
v 1.5661135 -2.3339384 1.1999794
v 1.0787421 -2.5944444 1.1999794
v 0.54991304 -2.7548638 1.1999794
v -0.000049792456 -2.8090304 1.1999794
v -0.55001324 -2.7548638 1.1999794
v -1.0788422 -2.5944444 1.1999795
v -1.5662138 -2.3339378 1.1999795
v -1.9933972 -1.9833556 1.1999798
v -2.343979 -1.5561694 1.1999798
v -2.6044844 -1.0687958 1.1999798
v -2.7649024 -0.53996556 1.1999798
v -2.8190696 0.010000294 1.1999798
v -2.7649024 0.55996604 1.1999798
v -2.6044836 1.0887962 1.1999798
v -2.343978 1.5761698 1.1999798
v -1.9933968 2.003356 1.1999798
v -1.5662124 2.353939 1.1999795
v -1.0788406 2.614445 1.1999795
v -0.55001304 2.774863 1.1999794
v -0.00004922808 2.8290302 1.1999794
v 0.5499141 2.774863 1.1999794
v 1.078743 2.6144444 1.1999794
v 1.5661144 2.3539376 1.1999794
v 1.993299 2.0033548 1.1999792
v 2.3438796 1.576169 1.1999792
v 2.604385 1.0887958 1.1999792
v 2.764803 0.5599649 1.199979
v 2.8189698 0.009998991 1.199979

vn  -01 00 00
vn  -01 00 -00
vn  -0.9807852 0.19509108 00
vn  -0.9807852 0.19509108 -00
vn  -0.9238789 0.38268476 00
vn  -0.9238789 0.38268476 -00
vn  -0.8314686 0.5555718 00
vn  -0.8314686 0.5555718 -00
vn  -0.7071054 0.7071082 00
vn  -0.7071054 0.7071082 -00
vn  -0.55556876 0.8314706 00
vn  -0.55556876 0.8314706 -00
vn  -0.38268212 0.92388 00
vn  -0.38268212 0.92388 -00
vn  -0.19508944 0.9807855 00
vn  -0.19508944 0.9807855 -00
vn  -00 01 00
vn  -00 01 -00
vn  0.19508956 0.9807855 00
vn  0.19508956 0.9807855 -00
vn  0.3826822 0.92388 00
vn  0.3826822 0.92388 -00
vn  0.5555689 0.8314706 00
vn  0.5555689 0.8314706 -00
vn  0.7071054 0.7071081 00
vn  0.7071054 0.7071081 -00
vn  0.8314686 0.5555717 00
vn  0.8314686 0.5555717 -00
vn  0.9238791 0.38268456 00
vn  0.9238791 0.38268456 -00
vn  0.9807852 0.19509102 00
vn  0.9807852 0.19509102 -00
vn  01 -00 00
vn  01 -00 -00
vn  0.9807851 -0.19509124 00
vn  0.9807851 -0.19509124 -00
vn  0.9238789 -0.38268476 00
vn  0.9238789 -0.38268476 -00
vn  0.8314686 -0.55557196 00
vn  0.8314686 -0.55557196 -00
vn  0.7071054 -0.7071082 00
vn  0.7071054 -0.7071082 -00
vn  0.5555686 -0.8314706 00
vn  0.5555686 -0.8314706 -00
vn  0.38268188 -0.9238801 00
vn  0.38268188 -0.9238801 -00
vn  0.19508968 -0.9807855 00
vn  0.19508968 -0.9807855 -00
vn  -00 -01 00
vn  -00 -01 -00
vn  -0.19508962 -0.9807855 00
vn  -0.19508962 -0.9807855 -00
vn  -0.3826822 -0.92388 00
vn  -0.3826822 -0.92388 -00
vn  -0.5555689 -0.8314705 00
vn  -0.5555689 -0.8314705 -00
vn  -0.70710552 -0.707108 00
vn  -0.70710552 -0.707108 -00
vn  -0.8314686 -0.5555718 00
vn  -0.8314686 -0.5555718 -00
vn  -0.9238789 -0.3826847 00
vn  -0.9238789 -0.3826847 -00
vn  -0.9807852 -0.19509096 00
vn  -0.9807852 -0.19509096 -00
vn  -01 00 00
vn  -01 00 -00
vn  01 00 -00
vn  01 00 00
vn  0.9807852 -0.19509108 -00
vn  0.9807852 -0.19509108 00
vn  0.9238789 -0.38268476 -00
vn  0.9238789 -0.38268476 00
vn  0.8314686 -0.5555718 -00
vn  0.8314686 -0.5555718 00
vn  0.7071054 -0.7071082 -00
vn  0.7071054 -0.7071082 00
vn  0.55556876 -0.8314706 -00
vn  0.55556876 -0.8314706 00
vn  0.38268212 -0.92388 -00
vn  0.38268212 -0.92388 00
vn  0.19508944 -0.9807855 -00
vn  0.19508944 -0.9807855 00
vn  00 -01 -00
vn  00 -01 00
vn  -0.19508956 -0.9807855 -00
vn  -0.19508956 -0.9807855 00
vn  -0.3826822 -0.92388 -00
vn  -0.3826822 -0.92388 00
vn  -0.5555689 -0.8314706 -00
vn  -0.5555689 -0.8314706 00
vn  -0.7071054 -0.7071081 -00
vn  -0.7071054 -0.7071081 00
vn  -0.8314686 -0.5555717 -00
vn  -0.8314686 -0.5555717 00
vn  -0.9238791 -0.38268456 -00
vn  -0.9238791 -0.38268456 00
vn  -0.9807852 -0.19509102 -00
vn  -0.9807852 -0.19509102 00
vn  -01 00 -00
vn  -01 00 00
vn  -0.9807851 0.19509124 -00
vn  -0.9807851 0.19509124 00
vn  -0.9238789 0.38268476 -00
vn  -0.9238789 0.38268476 00
vn  -0.8314686 0.55557196 -00
vn  -0.8314686 0.55557196 00
vn  -0.7071054 0.7071082 -00
vn  -0.7071054 0.7071082 00
vn  -0.5555686 0.8314706 -00
vn  -0.5555686 0.8314706 00
vn  -0.38268188 0.9238801 -00
vn  -0.38268188 0.9238801 00
vn  -0.19508968 0.9807855 -00
vn  -0.19508968 0.9807855 00
vn  00 01 -00
vn  00 01 00
vn  0.19508962 0.9807855 -00
vn  0.19508962 0.9807855 00
vn  0.3826822 0.92388 -00
vn  0.3826822 0.92388 00
vn  0.5555689 0.8314705 -00
vn  0.5555689 0.8314705 00
vn  0.70710552 0.707108 -00
vn  0.70710552 0.707108 00
vn  0.8314686 0.5555718 -00
vn  0.8314686 0.5555718 00
vn  0.9238789 0.3826847 -00
vn  0.9238789 0.3826847 00
vn  0.9807852 0.19509096 -00
vn  0.9807852 0.19509096 00
vn  01 -00 -00
vn  01 -00 00
vn  00 -00 01
vn  00 -00 01
vn  00 -00 01
vn  00 -00 01
vn  00 -00 01
vn  00 -00 01
vn  00 -00 01
vn  00 -00 01
vn  00 -00 01
vn  -00 -00 01
vn  -00 -00 01
vn  -00 -00 01
vn  -00 -00 01
vn  -00 -00 01
vn  -00 -00 01
vn  -00 -00 01
vn  -00 00 01
vn  -00 00 01
vn  -00 00 01
vn  -00 00 01
vn  -00 00 01
vn  -00 00 01
vn  -00 00 01
vn  -00 00 01
vn  00 00 01
vn  00 00 01
vn  00 00 01
vn  00 00 01
vn  00 00 01
vn  00 00 01
vn  00 00 01
vn  00 00 01
vn  00 -00 01
vn  00 -00 01
vn  00 -00 01
vn  00 -00 01
vn  00 -00 01
vn  00 -00 01
vn  00 -00 01
vn  00 -00 01
vn  00 -00 01
vn  00 -00 01
vn  -00 -00 01
vn  -00 -00 01
vn  -00 -00 01
vn  -00 -00 01
vn  -00 -00 01
vn  -00 -00 01
vn  -00 -00 01
vn  -00 00 01
vn  -00 00 01
vn  -00 00 01
vn  -00 00 01
vn  -00 00 01
vn  -00 00 01
vn  -00 00 01
vn  -00 00 01
vn  00 00 01
vn  00 00 01
vn  00 00 01
vn  00 00 01
vn  00 00 01
vn  00 00 01
vn  00 00 01
vn  00 00 01
vn  00 -00 01
vn  -0.000059591824 -00 -01
vn  -0.00005844879 0.00001160548 -01
vn  -0.00005506361 0.00002276497 -01
vn  -0.000049566376 0.000033049624 -01
vn  -0.00004216834 0.000042064196 -01
vn  -0.000033153804 0.00004946225 -01
vn  -0.000022869196 0.00005495951 -01
vn  -0.000011709741 0.000058344704 -01
vn  -00 0.000059487756 -01
vn  0.000011501125 0.000058344704 -01
vn  0.00002266058 0.00005495951 -01
vn  0.00003294519 0.000049462244 -01
vn  0.00004195972 0.000042064196 -01
vn  0.000049357756 0.000033049624 -01
vn  0.000054854996 0.00002276497 -01
vn  0.00005824016 0.000011605489 -01
vn  0.000059383204 -00 -01
vn  0.00005824016 -0.00001160549 -01
vn  0.00005485499 -0.00002276497 -01
vn  0.000049357744 -0.000033049624 -01
vn  0.00004195972 -0.000042064196 -01
vn  0.000032945188 -0.00004946226 -01
vn  0.00002266057 -0.000054959524 -01
vn  0.00001150114 -0.000058344704 -01
vn  -00 -0.000059487756 -01
vn  -0.000011709744 -0.000058344704 -01
vn  -0.000022869196 -0.00005495951 -01
vn  -0.00003315381 -0.000049462244 -01
vn  -0.00004216835 -0.000042064184 -01
vn  -0.00004956636 -0.000033049638 -01
vn  -0.00005506361 -0.000022764978 -01
vn  -0.00005844879 -0.000011605482 -01
vn  -0.000059591824 00 -01
vn  -0.000059591824 -00 -01
vn  -0.00005844879 0.00001160548 -01
vn  -0.00005506361 0.00002276497 -01
vn  -0.000049566376 0.000033049624 -01
vn  -0.00004216834 0.000042064196 -01
vn  -0.000033153804 0.00004946225 -01
vn  -0.000022869196 0.00005495951 -01
vn  -0.000011709741 0.000058344704 -01
vn  -00 0.000059487756 -01
vn  0.000011501125 0.000058344704 -01
vn  0.00002266058 0.00005495951 -01
vn  0.00003294519 0.000049462244 -01
vn  0.00004195972 0.000042064196 -01
vn  0.000049357756 0.000033049624 -01
vn  0.000054854996 0.00002276497 -01
vn  0.00005824016 0.000011605489 -01
vn  0.000059383204 -00 -01
vn  0.00005824016 -0.00001160549 -01
vn  0.00005485499 -0.00002276497 -01
vn  0.000049357744 -0.000033049624 -01
vn  0.00004195972 -0.000042064196 -01
vn  0.000032945188 -0.00004946226 -01
vn  0.00002266057 -0.000054959524 -01
vn  0.00001150114 -0.000058344704 -01
vn  -00 -0.000059487756 -01
vn  -0.000011709744 -0.000058344704 -01
vn  -0.000022869196 -0.00005495951 -01
vn  -0.00003315381 -0.000049462244 -01
vn  -0.00004216835 -0.000042064184 -01
vn  -0.00004956636 -0.000033049638 -01
vn  -0.00005506361 -0.000022764978 -01
vn  -0.00005844879 -0.000011605482 -01
vn  -0.000059591824 00 -01

vt 00 00
vt 00 01
vt 0.03125 00
vt 0.03125 01
vt 0.0625 00
vt 0.0625 01
vt 0.09375 00
vt 0.09375 01
vt 0.125 00
vt 0.125 01
vt 0.15625 00
vt 0.15625 01
vt 0.1875 00
vt 0.1875 01
vt 0.21875 00
vt 0.21875 01
vt 0.25 00
vt 0.25 01
vt 0.28125 00
vt 0.28125 01
vt 0.3125 00
vt 0.3125 01
vt 0.34375 00
vt 0.34375 01
vt 0.375 00
vt 0.375 01
vt 0.40625 00
vt 0.40625 01
vt 0.4375 00
vt 0.4375 01
vt 0.46875 00
vt 0.46875 01
vt 0.5 00
vt 0.5 01
vt 0.53125 00
vt 0.53125 01
vt 0.5625 00
vt 0.5625 01
vt 0.59375 00
vt 0.59375 01
vt 0.625 00
vt 0.625 01
vt 0.65625 00
vt 0.65625 01
vt 0.6875 00
vt 0.6875 01
vt 0.71875 00
vt 0.71875 01
vt 0.75 00
vt 0.75 01
vt 0.78125 00
vt 0.78125 01
vt 0.8125 00
vt 0.8125 01
vt 0.84375 00
vt 0.84375 01
vt 0.875 00
vt 0.875 01
vt 0.90625 00
vt 0.90625 01
vt 0.9375 00
vt 0.9375 01
vt 0.96875 00
vt 0.96875 01
vt 01 00
vt 01 01
vt 00 00
vt 00 01
vt 0.03125 00
vt 0.03125 01
vt 0.0625 00
vt 0.0625 01
vt 0.09375 00
vt 0.09375 01
vt 0.125 00
vt 0.125 01
vt 0.15625 00
vt 0.15625 01
vt 0.1875 00
vt 0.1875 01
vt 0.21875 00
vt 0.21875 01
vt 0.25 00
vt 0.25 01
vt 0.28125 00
vt 0.28125 01
vt 0.3125 00
vt 0.3125 01
vt 0.34375 00
vt 0.34375 01
vt 0.375 00
vt 0.375 01
vt 0.40625 00
vt 0.40625 01
vt 0.4375 00
vt 0.4375 01
vt 0.46875 00
vt 0.46875 01
vt 0.5 00
vt 0.5 01
vt 0.53125 00
vt 0.53125 01
vt 0.5625 00
vt 0.5625 01
vt 0.59375 00
vt 0.59375 01
vt 0.625 00
vt 0.625 01
vt 0.65625 00
vt 0.65625 01
vt 0.6875 00
vt 0.6875 01
vt 0.71875 00
vt 0.71875 01
vt 0.75 00
vt 0.75 01
vt 0.78125 00
vt 0.78125 01
vt 0.8125 00
vt 0.8125 01
vt 0.84375 00
vt 0.84375 01
vt 0.875 00
vt 0.875 01
vt 0.90625 00
vt 0.90625 01
vt 0.9375 00
vt 0.9375 01
vt 0.96875 00
vt 0.96875 01
vt 01 00
vt 01 01
vt 00 00
vt 0.03125 00
vt 0.0625 00
vt 0.09375 00
vt 0.125 00
vt 0.15625 00
vt 0.1875 00
vt 0.21875 00
vt 0.25 00
vt 0.28125 00
vt 0.3125 00
vt 0.34375 00
vt 0.375 00
vt 0.40625 00
vt 0.4375 00
vt 0.46875 00
vt 0.5 00
vt 0.53125 00
vt 0.5625 00
vt 0.59375 00
vt 0.625 00
vt 0.65625 00
vt 0.6875 00
vt 0.71875 00
vt 0.75 00
vt 0.78125 00
vt 0.8125 00
vt 0.84375 00
vt 0.875 00
vt 0.90625 00
vt 0.9375 00
vt 0.96875 00
vt 01 00
vt 00 00
vt 0.03125 00
vt 0.0625 00
vt 0.09375 00
vt 0.125 00
vt 0.15625 00
vt 0.1875 00
vt 0.21875 00
vt 0.25 00
vt 0.28125 00
vt 0.3125 00
vt 0.34375 00
vt 0.375 00
vt 0.40625 00
vt 0.4375 00
vt 0.46875 00
vt 0.5 00
vt 0.53125 00
vt 0.5625 00
vt 0.59375 00
vt 0.625 00
vt 0.65625 00
vt 0.6875 00
vt 0.71875 00
vt 0.75 00
vt 0.78125 00
vt 0.8125 00
vt 0.84375 00
vt 0.875 00
vt 0.90625 00
vt 0.9375 00
vt 0.96875 00
vt 01 00
vt 00 01
vt 0.03125 01
vt 0.0625 01
vt 0.09375 01
vt 0.125 01
vt 0.15625 01
vt 0.1875 01
vt 0.21875 01
vt 0.25 01
vt 0.28125 01
vt 0.3125 01
vt 0.34375 01
vt 0.375 01
vt 0.40625 01
vt 0.4375 01
vt 0.46875 01
vt 0.5 01
vt 0.53125 01
vt 0.5625 01
vt 0.59375 01
vt 0.625 01
vt 0.65625 01
vt 0.6875 01
vt 0.71875 01
vt 0.75 01
vt 0.78125 01
vt 0.8125 01
vt 0.84375 01
vt 0.875 01
vt 0.90625 01
vt 0.9375 01
vt 0.96875 01
vt 01 01
vt 00 01
vt 0.03125 01
vt 0.0625 01
vt 0.09375 01
vt 0.125 01
vt 0.15625 01
vt 0.1875 01
vt 0.21875 01
vt 0.25 01
vt 0.28125 01
vt 0.3125 01
vt 0.34375 01
vt 0.375 01
vt 0.40625 01
vt 0.4375 01
vt 0.46875 01
vt 0.5 01
vt 0.53125 01
vt 0.5625 01
vt 0.59375 01
vt 0.625 01
vt 0.65625 01
vt 0.6875 01
vt 0.71875 01
vt 0.75 01
vt 0.78125 01
vt 0.8125 01
vt 0.84375 01
vt 0.875 01
vt 0.90625 01
vt 0.9375 01
vt 0.96875 01
vt 01 01

usemtl 0.BaseMaterial
usemap 0.BaseMaterial
f 2/2/2 4/4/4 1/1/1
f 3/3/3 1/1/1 4/4/4
f 1/1/1 1/1/1 1/1/1
f 1/1/1 1/1/1 1/1/1
f 4/4/4 6/6/6 3/3/3
f 5/5/5 3/3/3 6/6/6
f 1/1/1 1/1/1 1/1/1
f 1/1/1 1/1/1 1/1/1
f 6/6/6 8/8/8 5/5/5
f 7/7/7 5/5/5 8/8/8
f 1/1/1 1/1/1 1/1/1
f 1/1/1 1/1/1 1/1/1
f 8/8/8 10/10/10 7/7/7
f 9/9/9 7/7/7 10/10/10
f 1/1/1 1/1/1 1/1/1
f 1/1/1 1/1/1 1/1/1
f 10/10/10 12/12/12 9/9/9
f 11/11/11 9/9/9 12/12/12
f 1/1/1 1/1/1 1/1/1
f 1/1/1 1/1/1 1/1/1
f 12/12/12 14/14/14 11/11/11
f 13/13/13 11/11/11 14/14/14
f 1/1/1 1/1/1 1/1/1
f 1/1/1 1/1/1 1/1/1
f 14/14/14 16/16/16 13/13/13
f 15/15/15 13/13/13 16/16/16
f 1/1/1 1/1/1 1/1/1
f 1/1/1 1/1/1 1/1/1
f 16/16/16 18/18/18 15/15/15
f 17/17/17 15/15/15 18/18/18
f 1/1/1 1/1/1 1/1/1
f 1/1/1 1/1/1 1/1/1
f 18/18/18 20/20/20 17/17/17
f 19/19/19 17/17/17 20/20/20
f 1/1/1 1/1/1 1/1/1
f 1/1/1 1/1/1 1/1/1
f 20/20/20 22/22/22 19/19/19
f 21/21/21 19/19/19 22/22/22
f 1/1/1 1/1/1 1/1/1
f 1/1/1 1/1/1 1/1/1
f 22/22/22 24/24/24 21/21/21
f 23/23/23 21/21/21 24/24/24
f 1/1/1 1/1/1 1/1/1
f 1/1/1 1/1/1 1/1/1
f 24/24/24 26/26/26 23/23/23
f 25/25/25 23/23/23 26/26/26
f 1/1/1 1/1/1 1/1/1
f 1/1/1 1/1/1 1/1/1
f 26/26/26 28/28/28 25/25/25
f 27/27/27 25/25/25 28/28/28
f 1/1/1 1/1/1 1/1/1
f 1/1/1 1/1/1 1/1/1
f 28/28/28 30/30/30 27/27/27
f 29/29/29 27/27/27 30/30/30
f 1/1/1 1/1/1 1/1/1
f 1/1/1 1/1/1 1/1/1
f 30/30/30 32/32/32 29/29/29
f 31/31/31 29/29/29 32/32/32
f 1/1/1 1/1/1 1/1/1
f 1/1/1 1/1/1 1/1/1
f 32/32/32 34/34/34 31/31/31
f 33/33/33 31/31/31 34/34/34
f 1/1/1 1/1/1 1/1/1
f 1/1/1 1/1/1 1/1/1
f 34/34/34 36/36/36 33/33/33
f 35/35/35 33/33/33 36/36/36
f 1/1/1 1/1/1 1/1/1
f 1/1/1 1/1/1 1/1/1
f 36/36/36 38/38/38 35/35/35
f 37/37/37 35/35/35 38/38/38
f 1/1/1 1/1/1 1/1/1
f 1/1/1 1/1/1 1/1/1
f 38/38/38 40/40/40 37/37/37
f 39/39/39 37/37/37 40/40/40
f 1/1/1 1/1/1 1/1/1
f 1/1/1 1/1/1 1/1/1
f 40/40/40 42/42/42 39/39/39
f 41/41/41 39/39/39 42/42/42
f 1/1/1 1/1/1 1/1/1
f 1/1/1 1/1/1 1/1/1
f 42/42/42 44/44/44 41/41/41
f 43/43/43 41/41/41 44/44/44
f 1/1/1 1/1/1 1/1/1
f 1/1/1 1/1/1 1/1/1
f 44/44/44 46/46/46 43/43/43
f 45/45/45 43/43/43 46/46/46
f 1/1/1 1/1/1 1/1/1
f 1/1/1 1/1/1 1/1/1
f 46/46/46 48/48/48 45/45/45
f 47/47/47 45/45/45 48/48/48
f 1/1/1 1/1/1 1/1/1
f 1/1/1 1/1/1 1/1/1
f 48/48/48 50/50/50 47/47/47
f 49/49/49 47/47/47 50/50/50
f 1/1/1 1/1/1 1/1/1
f 1/1/1 1/1/1 1/1/1
f 50/50/50 52/52/52 49/49/49
f 51/51/51 49/49/49 52/52/52
f 1/1/1 1/1/1 1/1/1
f 1/1/1 1/1/1 1/1/1
f 52/52/52 54/54/54 51/51/51
f 53/53/53 51/51/51 54/54/54
f 1/1/1 1/1/1 1/1/1
f 1/1/1 1/1/1 1/1/1
f 54/54/54 56/56/56 53/53/53
f 55/55/55 53/53/53 56/56/56
f 1/1/1 1/1/1 1/1/1
f 1/1/1 1/1/1 1/1/1
f 56/56/56 58/58/58 55/55/55
f 57/57/57 55/55/55 58/58/58
f 1/1/1 1/1/1 1/1/1
f 1/1/1 1/1/1 1/1/1
f 58/58/58 60/60/60 57/57/57
f 59/59/59 57/57/57 60/60/60
f 1/1/1 1/1/1 1/1/1
f 1/1/1 1/1/1 1/1/1
f 60/60/60 62/62/62 59/59/59
f 61/61/61 59/59/59 62/62/62
f 1/1/1 1/1/1 1/1/1
f 1/1/1 1/1/1 1/1/1
f 62/62/62 64/64/64 61/61/61
f 63/63/63 61/61/61 64/64/64
f 1/1/1 1/1/1 1/1/1
f 1/1/1 1/1/1 1/1/1
f 64/64/64 66/66/66 63/63/63
f 65/65/65 63/63/63 66/66/66
f 1/1/1 1/1/1 1/1/1
f 1/1/1 1/1/1 1/1/1
f 1/1/1 1/1/1 1/1/1
f 1/1/1 1/1/1 1/1/1
f 1/1/1 1/1/1 1/1/1
f 1/1/1 1/1/1 1/1/1
f 67/67/67 70/70/70 68/68/68
f 70/70/70 67/67/67 69/69/69
f 1/1/1 1/1/1 1/1/1
f 1/1/1 1/1/1 1/1/1
f 69/69/69 72/72/72 70/70/70
f 72/72/72 69/69/69 71/71/71
f 1/1/1 1/1/1 1/1/1
f 1/1/1 1/1/1 1/1/1
f 71/71/71 74/74/74 72/72/72
f 74/74/74 71/71/71 73/73/73
f 1/1/1 1/1/1 1/1/1
f 1/1/1 1/1/1 1/1/1
f 73/73/73 76/76/76 74/74/74
f 76/76/76 73/73/73 75/75/75
f 1/1/1 1/1/1 1/1/1
f 1/1/1 1/1/1 1/1/1
f 75/75/75 78/78/78 76/76/76
f 78/78/78 75/75/75 77/77/77
f 1/1/1 1/1/1 1/1/1
f 1/1/1 1/1/1 1/1/1
f 77/77/77 80/80/80 78/78/78
f 80/80/80 77/77/77 79/79/79
f 1/1/1 1/1/1 1/1/1
f 1/1/1 1/1/1 1/1/1
f 79/79/79 82/82/82 80/80/80
f 82/82/82 79/79/79 81/81/81
f 1/1/1 1/1/1 1/1/1
f 1/1/1 1/1/1 1/1/1
f 81/81/81 84/84/84 82/82/82
f 84/84/84 81/81/81 83/83/83
f 1/1/1 1/1/1 1/1/1
f 1/1/1 1/1/1 1/1/1
f 83/83/83 86/86/86 84/84/84
f 86/86/86 83/83/83 85/85/85
f 1/1/1 1/1/1 1/1/1
f 1/1/1 1/1/1 1/1/1
f 85/85/85 88/88/88 86/86/86
f 88/88/88 85/85/85 87/87/87
f 1/1/1 1/1/1 1/1/1
f 1/1/1 1/1/1 1/1/1
f 87/87/87 90/90/90 88/88/88
f 90/90/90 87/87/87 89/89/89
f 1/1/1 1/1/1 1/1/1
f 1/1/1 1/1/1 1/1/1
f 89/89/89 92/92/92 90/90/90
f 92/92/92 89/89/89 91/91/91
f 1/1/1 1/1/1 1/1/1
f 1/1/1 1/1/1 1/1/1
f 91/91/91 94/94/94 92/92/92
f 94/94/94 91/91/91 93/93/93
f 1/1/1 1/1/1 1/1/1
f 1/1/1 1/1/1 1/1/1
f 93/93/93 96/96/96 94/94/94
f 96/96/96 93/93/93 95/95/95
f 1/1/1 1/1/1 1/1/1
f 1/1/1 1/1/1 1/1/1
f 95/95/95 98/98/98 96/96/96
f 98/98/98 95/95/95 97/97/97
f 1/1/1 1/1/1 1/1/1
f 1/1/1 1/1/1 1/1/1
f 97/97/97 100/100/100 98/98/98
f 100/100/100 97/97/97 99/99/99
f 1/1/1 1/1/1 1/1/1
f 1/1/1 1/1/1 1/1/1
f 99/99/99 102/102/102 100/100/100
f 102/102/102 99/99/99 101/101/101
f 1/1/1 1/1/1 1/1/1
f 1/1/1 1/1/1 1/1/1
f 101/101/101 104/104/104 102/102/102
f 104/104/104 101/101/101 103/103/103
f 1/1/1 1/1/1 1/1/1
f 1/1/1 1/1/1 1/1/1
f 103/103/103 106/106/106 104/104/104
f 106/106/106 103/103/103 105/105/105
f 1/1/1 1/1/1 1/1/1
f 1/1/1 1/1/1 1/1/1
f 105/105/105 108/108/108 106/106/106
f 108/108/108 105/105/105 107/107/107
f 1/1/1 1/1/1 1/1/1
f 1/1/1 1/1/1 1/1/1
f 107/107/107 110/110/110 108/108/108
f 110/110/110 107/107/107 109/109/109
f 1/1/1 1/1/1 1/1/1
f 1/1/1 1/1/1 1/1/1
f 109/109/109 112/112/112 110/110/110
f 112/112/112 109/109/109 111/111/111
f 1/1/1 1/1/1 1/1/1
f 1/1/1 1/1/1 1/1/1
f 111/111/111 114/114/114 112/112/112
f 114/114/114 111/111/111 113/113/113
f 1/1/1 1/1/1 1/1/1
f 1/1/1 1/1/1 1/1/1
f 113/113/113 116/116/116 114/114/114
f 116/116/116 113/113/113 115/115/115
f 1/1/1 1/1/1 1/1/1
f 1/1/1 1/1/1 1/1/1
f 115/115/115 118/118/118 116/116/116
f 118/118/118 115/115/115 117/117/117
f 1/1/1 1/1/1 1/1/1
f 1/1/1 1/1/1 1/1/1
f 117/117/117 120/120/120 118/118/118
f 120/120/120 117/117/117 119/119/119
f 1/1/1 1/1/1 1/1/1
f 1/1/1 1/1/1 1/1/1
f 119/119/119 122/122/122 120/120/120
f 122/122/122 119/119/119 121/121/121
f 1/1/1 1/1/1 1/1/1
f 1/1/1 1/1/1 1/1/1
f 121/121/121 124/124/124 122/122/122
f 124/124/124 121/121/121 123/123/123
f 1/1/1 1/1/1 1/1/1
f 1/1/1 1/1/1 1/1/1
f 123/123/123 126/126/126 124/124/124
f 126/126/126 123/123/123 125/125/125
f 1/1/1 1/1/1 1/1/1
f 1/1/1 1/1/1 1/1/1
f 125/125/125 128/128/128 126/126/126
f 128/128/128 125/125/125 127/127/127
f 1/1/1 1/1/1 1/1/1
f 1/1/1 1/1/1 1/1/1
f 127/127/127 130/130/130 128/128/128
f 130/130/130 127/127/127 129/129/129
f 1/1/1 1/1/1 1/1/1
f 1/1/1 1/1/1 1/1/1
f 129/129/129 132/132/132 130/130/130
f 132/132/132 129/129/129 131/131/131
f 1/1/1 1/1/1 1/1/1
f 1/1/1 1/1/1 1/1/1
f 1/1/1 1/1/1 1/1/1
f 1/1/1 1/1/1 1/1/1
f 1/1/1 1/1/1 1/1/1
f 1/1/1 1/1/1 1/1/1
f 167/167/167 133/133/133 134/134/134
f 167/167/167 166/166/166 133/133/133
f 168/168/168 134/134/134 135/135/135
f 168/168/168 167/167/167 134/134/134
f 169/169/169 135/135/135 136/136/136
f 169/169/169 168/168/168 135/135/135
f 170/170/170 136/136/136 137/137/137
f 170/170/170 169/169/169 136/136/136
f 171/171/171 137/137/137 138/138/138
f 171/171/171 170/170/170 137/137/137
f 172/172/172 138/138/138 139/139/139
f 172/172/172 171/171/171 138/138/138
f 173/173/173 139/139/139 140/140/140
f 173/173/173 172/172/172 139/139/139
f 174/174/174 140/140/140 141/141/141
f 174/174/174 173/173/173 140/140/140
f 175/175/175 141/141/141 142/142/142
f 175/175/175 174/174/174 141/141/141
f 176/176/176 142/142/142 143/143/143
f 176/176/176 175/175/175 142/142/142
f 177/177/177 143/143/143 144/144/144
f 177/177/177 176/176/176 143/143/143
f 178/178/178 144/144/144 145/145/145
f 178/178/178 177/177/177 144/144/144
f 179/179/179 145/145/145 146/146/146
f 179/179/179 178/178/178 145/145/145
f 180/180/180 146/146/146 147/147/147
f 180/180/180 179/179/179 146/146/146
f 181/181/181 147/147/147 148/148/148
f 181/181/181 180/180/180 147/147/147
f 182/182/182 148/148/148 149/149/149
f 182/182/182 181/181/181 148/148/148
f 183/183/183 149/149/149 150/150/150
f 183/183/183 182/182/182 149/149/149
f 184/184/184 150/150/150 151/151/151
f 184/184/184 183/183/183 150/150/150
f 185/185/185 151/151/151 152/152/152
f 185/185/185 184/184/184 151/151/151
f 186/186/186 152/152/152 153/153/153
f 186/186/186 185/185/185 152/152/152
f 187/187/187 153/153/153 154/154/154
f 187/187/187 186/186/186 153/153/153
f 188/188/188 154/154/154 155/155/155
f 188/188/188 187/187/187 154/154/154
f 189/189/189 155/155/155 156/156/156
f 189/189/189 188/188/188 155/155/155
f 190/190/190 156/156/156 157/157/157
f 190/190/190 189/189/189 156/156/156
f 191/191/191 157/157/157 158/158/158
f 191/191/191 190/190/190 157/157/157
f 192/192/192 158/158/158 159/159/159
f 192/192/192 191/191/191 158/158/158
f 193/193/193 159/159/159 160/160/160
f 193/193/193 192/192/192 159/159/159
f 194/194/194 160/160/160 161/161/161
f 194/194/194 193/193/193 160/160/160
f 195/195/195 161/161/161 162/162/162
f 195/195/195 194/194/194 161/161/161
f 196/196/196 162/162/162 163/163/163
f 196/196/196 195/195/195 162/162/162
f 197/197/197 163/163/163 164/164/164
f 197/197/197 196/196/196 163/163/163
f 198/198/198 164/164/164 165/165/165
f 198/198/198 197/197/197 164/164/164
f 166/166/166 165/165/165 133/133/133
f 166/166/166 198/198/198 165/165/165
f 200/200/200 199/199/199 233/233/233
f 232/232/232 233/233/233 199/199/199
f 201/201/201 200/200/200 234/234/234
f 233/233/233 234/234/234 200/200/200
f 202/202/202 201/201/201 235/235/235
f 234/234/234 235/235/235 201/201/201
f 203/203/203 202/202/202 236/236/236
f 235/235/235 236/236/236 202/202/202
f 204/204/204 203/203/203 237/237/237
f 236/236/236 237/237/237 203/203/203
f 205/205/205 204/204/204 238/238/238
f 237/237/237 238/238/238 204/204/204
f 206/206/206 205/205/205 239/239/239
f 238/238/238 239/239/239 205/205/205
f 207/207/207 206/206/206 240/240/240
f 239/239/239 240/240/240 206/206/206
f 208/208/208 207/207/207 241/241/241
f 240/240/240 241/241/241 207/207/207
f 209/209/209 208/208/208 242/242/242
f 241/241/241 242/242/242 208/208/208
f 210/210/210 209/209/209 243/243/243
f 242/242/242 243/243/243 209/209/209
f 211/211/211 210/210/210 244/244/244
f 243/243/243 244/244/244 210/210/210
f 212/212/212 211/211/211 245/245/245
f 244/244/244 245/245/245 211/211/211
f 213/213/213 212/212/212 246/246/246
f 245/245/245 246/246/246 212/212/212
f 214/214/214 213/213/213 247/247/247
f 246/246/246 247/247/247 213/213/213
f 215/215/215 214/214/214 248/248/248
f 247/247/247 248/248/248 214/214/214
f 216/216/216 215/215/215 249/249/249
f 248/248/248 249/249/249 215/215/215
f 217/217/217 216/216/216 250/250/250
f 249/249/249 250/250/250 216/216/216
f 218/218/218 217/217/217 251/251/251
f 250/250/250 251/251/251 217/217/217
f 219/219/219 218/218/218 252/252/252
f 251/251/251 252/252/252 218/218/218
f 220/220/220 219/219/219 253/253/253
f 252/252/252 253/253/253 219/219/219
f 221/221/221 220/220/220 254/254/254
f 253/253/253 254/254/254 220/220/220
f 222/222/222 221/221/221 255/255/255
f 254/254/254 255/255/255 221/221/221
f 223/223/223 222/222/222 256/256/256
f 255/255/255 256/256/256 222/222/222
f 224/224/224 223/223/223 257/257/257
f 256/256/256 257/257/257 223/223/223
f 225/225/225 224/224/224 258/258/258
f 257/257/257 258/258/258 224/224/224
f 226/226/226 225/225/225 259/259/259
f 258/258/258 259/259/259 225/225/225
f 227/227/227 226/226/226 260/260/260
f 259/259/259 260/260/260 226/226/226
f 228/228/228 227/227/227 261/261/261
f 260/260/260 261/261/261 227/227/227
f 229/229/229 228/228/228 262/262/262
f 261/261/261 262/262/262 228/228/228
f 230/230/230 229/229/229 263/263/263
f 262/262/262 263/263/263 229/229/229
f 231/231/231 230/230/230 264/264/264
f 263/263/263 264/264/264 230/230/230
f 199/199/199 231/231/231 232/232/232
f 264/264/264 232/232/232 231/231/231

g r0001.22308
usemtl 1.BaseMaterial
usemap 1.BaseMaterial
v 2.8 0.010012 2.8
v 2.8 0.010011909 1.1
v 2.7461838 -0.53638944 2.8
v 2.746185 -0.5363889 1.1
v 2.5868062 -1.061793 2.7999988
v 2.5868078 -1.0617919 1.1
v 2.3279904 -1.5460076 2.799998
v 2.3279922 -1.546006 1.0999989
v 1.9796828 -1.9704252 2.7999972
v 1.9796852 -1.9704232 1.099998
v 1.555269 -2.318736 2.7999962
v 1.5552718 -2.3187336 1.0999969
v 1.0710588 -2.5775544 2.7999944
v 1.071062 -2.577551 1.0999956
v 0.5456599 -2.7369338 2.799993
v 0.5456636 -2.7369304 1.0999941
v -0.00073600592 -2.790749 2.799992
v -0.00073158824 -2.790746 1.0999928
v -0.5471325 -2.7369338 2.7999902
v -0.54712744 -2.7369304 1.0999914
v -1.0725316 -2.5775544 2.799989
v -1.0725259 -2.577551 1.09999
v -1.556742 -2.318736 2.7999878
v -1.5567356 -2.318733 1.0999885
v -1.9811552 -1.9704256 2.7999864
v -1.9811484 -1.9704232 1.0999875
v -2.329463 -1.546008 2.7999856
v -2.329456 -1.546006 1.0999865
v -2.588279 -1.0617929 2.799985
v -2.5882716 -1.0617915 1.0999859
v -2.7476564 -0.53638976 2.7999848
v -2.7476488 -0.5363891 1.0999855
v -2.801472 0.010011856 2.7999844
v -2.8014644 0.010011947 1.0999852
v -2.7476564 0.5564135 2.7999848
v -2.7476488 0.556413 1.0999855
v -2.5882782 1.0818165 2.799985
v -2.588271 1.0818152 1.0999859
v -2.3294624 1.5660314 2.7999856
v -2.3294552 1.5660298 1.0999865
v -1.9811556 1.9904494 2.7999864
v -1.9811486 1.9904468 1.0999875
v -1.5567418 2.3387602 2.7999878
v -1.5567351 2.3387578 1.0999885
v -1.0725308 2.597578 2.799989
v -1.0725251 2.5975752 1.09999
v -0.54713324 2.7569576 2.7999902
v -0.547128 2.7569544 1.0999914
v -0.0007363953 2.810773 2.799992
v -0.00073179496 2.8107696 1.0999928
v 0.54565996 2.7569578 2.799993
v 0.545664 2.7569544 1.0999941
v 1.0710588 2.597578 2.7999944
v 1.0710621 2.5975752 1.0999956
v 1.5552694 2.3387596 2.7999962
v 1.5552722 2.3387564 1.0999969
v 1.9796832 1.9904488 2.7999972
v 1.9796852 1.9904462 1.099998
v 2.3279898 1.5660318 2.799998
v 2.327992 1.56603 1.0999989
v 2.5868056 1.0818169 2.7999988
v 2.5868078 1.0818156 1.1
v 2.7461838 0.5564132 2.8
v 2.746185 0.5564125 1.1
v 2.8 0.010011509 2.8
v 2.8 0.01001142 1.1
v 3.873018 0.010012 2.7999984
v 3.8730196 0.010011909 1.100003
v 3.798585 -0.74572696 2.799998
v 3.7985864 -0.7457264 1.1000028
v 3.5781464 -1.4724231 2.7999976
v 3.578148 -1.472422 1.1000022
v 3.2201736 -2.1421504 2.7999972
v 3.2201748 -2.1421484 1.1000014
v 2.7384216 -2.7291716 2.7999956
v 2.738424 -2.729169 1.1
v 2.1514062 -3.210927 2.799994
v 2.1514092 -3.2109238 1.0999985
v 1.4816856 -3.568903 2.7999924
v 1.4816885 -3.5689 1.0999965
v 0.75499528 -3.7893444 2.7999902
v 0.75499904 -3.7893412 1.0999948
v -0.0007359421 -3.863778 2.799988
v -0.0007315243 -3.863775 1.0999928
v -0.7564681 -3.7893444 2.7999862
v -0.756463 -3.7893412 1.0999908
v -1.4831581 -3.5689036 2.7999844
v -1.4831525 -3.5689 1.0999889
v -2.1528796 -3.2109264 2.7999824
v -2.1528732 -3.2109238 1.0999871
v -2.739894 -2.7291716 2.799981
v -2.7398872 -2.729169 1.0999855
v -3.2216456 -2.1421504 2.79998
v -3.2216384 -2.1421484 1.0999842
v -3.579619 -1.4724231 2.7999784
v -3.579612 -1.4724218 1.0999832
v -3.8000576 -0.74572728 2.7999784
v -3.80005 -0.7457266 1.0999826
v -3.874491 0.010011949 2.799978
v -3.8744828 0.010012041 1.0999824
v -3.800058 0.76575128 2.7999784
v -3.80005 0.7657507 1.0999826
v -3.579618 1.4924468 2.7999784
v -3.579611 1.4924456 1.0999832
v -3.221645 2.1621742 2.79998
v -3.2216378 2.1621728 1.0999842
v -2.7398944 2.7491952 2.799981
v -2.7398872 2.749193 1.0999855
v -2.1528788 3.230951 2.7999824
v -2.1528722 3.2309484 1.0999871
v -1.4831572 3.5889276 2.7999844
v -1.4831514 3.588925 1.0999889
v -0.756469 3.809368 2.7999862
v -0.7564637 3.809365 1.0999908
v -0.0007363313 3.8838012 2.799988
v -0.000731731 3.8837984 1.0999928
v 0.7549956 3.809368 2.7999902
v 0.7549996 3.8093652 1.0999948
v 1.4816856 3.5889276 2.7999924
v 1.4816888 3.5889236 1.0999965
v 2.151407 3.2309502 2.799994
v 2.15141 3.2309472 1.0999985
v 2.7384222 2.7491944 2.7999956
v 2.7384248 2.749192 1.1
v 3.2201722 2.1621748 2.7999972
v 3.2201748 2.1621728 1.1000014
v 3.5781464 1.4924472 2.7999976
v 3.578148 1.4924458 1.1000022
v 3.798585 0.7657506 2.799998
v 3.7985864 0.76574992 1.1000028
v 3.873018 0.010011322 2.7999984
v 3.8730196 0.010011231 1.100003
v 2.8 0.010012 2.8
v 2.7461838 -0.53638944 2.8
v 2.5868062 -1.061793 2.7999988
v 2.3279904 -1.5460076 2.799998
v 1.9796828 -1.9704252 2.7999972
v 1.555269 -2.318736 2.7999962
v 1.0710588 -2.5775544 2.7999944
v 0.5456599 -2.7369338 2.799993
v -0.00073600592 -2.790749 2.799992
v -0.5471325 -2.7369338 2.7999902
v -1.0725316 -2.5775544 2.799989
v -1.556742 -2.318736 2.7999878
v -1.9811552 -1.9704256 2.7999864
v -2.329463 -1.546008 2.7999856
v -2.588279 -1.0617929 2.799985
v -2.7476564 -0.53638976 2.7999848
v -2.801472 0.010011856 2.7999844
v -2.7476564 0.5564135 2.7999848
v -2.5882782 1.0818165 2.799985
v -2.3294624 1.5660314 2.7999856
v -1.9811556 1.9904494 2.7999864
v -1.5567418 2.3387602 2.7999878
v -1.0725308 2.597578 2.799989
v -0.54713324 2.7569576 2.7999902
v -0.0007363953 2.810773 2.799992
v 0.54565996 2.7569578 2.799993
v 1.0710588 2.597578 2.7999944
v 1.5552694 2.3387596 2.7999962
v 1.9796832 1.9904488 2.7999972
v 2.3279898 1.5660318 2.799998
v 2.5868056 1.0818169 2.7999988
v 2.7461838 0.5564132 2.8
v 2.8 0.010011509 2.8
v 3.873018 0.010012 2.7999984
v 3.798585 -0.74572696 2.799998
v 3.5781464 -1.4724231 2.7999976
v 3.2201736 -2.1421504 2.7999972
v 2.7384216 -2.7291716 2.7999956
v 2.1514062 -3.210927 2.799994
v 1.4816856 -3.568903 2.7999924
v 0.75499528 -3.7893444 2.7999902
v -0.0007359421 -3.863778 2.799988
v -0.7564681 -3.7893444 2.7999862
v -1.4831581 -3.5689036 2.7999844
v -2.1528796 -3.2109264 2.7999824
v -2.739894 -2.7291716 2.799981
v -3.2216456 -2.1421504 2.79998
v -3.579619 -1.4724231 2.7999784
v -3.8000576 -0.74572728 2.7999784
v -3.874491 0.010011949 2.799978
v -3.800058 0.76575128 2.7999784
v -3.579618 1.4924468 2.7999784
v -3.221645 2.1621742 2.79998
v -2.7398944 2.7491952 2.799981
v -2.1528788 3.230951 2.7999824
v -1.4831572 3.5889276 2.7999844
v -0.756469 3.809368 2.7999862
v -0.0007363313 3.8838012 2.799988
v 0.7549956 3.809368 2.7999902
v 1.4816856 3.5889276 2.7999924
v 2.151407 3.2309502 2.799994
v 2.7384222 2.7491944 2.7999956
v 3.2201722 2.1621748 2.7999972
v 3.5781464 1.4924472 2.7999976
v 3.798585 0.7657506 2.799998
v 3.873018 0.010011322 2.7999984
v 2.8 0.010011909 1.1
v 2.746185 -0.5363889 1.1
v 2.5868078 -1.0617919 1.1
v 2.3279922 -1.546006 1.0999989
v 1.9796852 -1.9704232 1.099998
v 1.5552718 -2.3187336 1.0999969
v 1.071062 -2.577551 1.0999956
v 0.5456636 -2.7369304 1.0999941
v -0.00073158824 -2.790746 1.0999928
v -0.54712744 -2.7369304 1.0999914
v -1.0725259 -2.577551 1.09999
v -1.5567356 -2.318733 1.0999885
v -1.9811484 -1.9704232 1.0999875
v -2.329456 -1.546006 1.0999865
v -2.5882716 -1.0617915 1.0999859
v -2.7476488 -0.5363891 1.0999855
v -2.8014644 0.010011947 1.0999852
v -2.7476488 0.556413 1.0999855
v -2.588271 1.0818152 1.0999859
v -2.3294552 1.5660298 1.0999865
v -1.9811486 1.9904468 1.0999875
v -1.5567351 2.3387578 1.0999885
v -1.0725251 2.5975752 1.09999
v -0.547128 2.7569544 1.0999914
v -0.00073179496 2.8107696 1.0999928
v 0.545664 2.7569544 1.0999941
v 1.0710621 2.5975752 1.0999956
v 1.5552722 2.3387564 1.0999969
v 1.9796852 1.9904462 1.099998
v 2.327992 1.56603 1.0999989
v 2.5868078 1.0818156 1.1
v 2.746185 0.5564125 1.1
v 2.8 0.01001142 1.1
v 3.8730196 0.010011909 1.100003
v 3.7985864 -0.7457264 1.1000028
v 3.578148 -1.472422 1.1000022
v 3.2201748 -2.1421484 1.1000014
v 2.738424 -2.729169 1.1
v 2.1514092 -3.2109238 1.0999985
v 1.4816885 -3.5689 1.0999965
v 0.75499904 -3.7893412 1.0999948
v -0.0007315243 -3.863775 1.0999928
v -0.756463 -3.7893412 1.0999908
v -1.4831525 -3.5689 1.0999889
v -2.1528732 -3.2109238 1.0999871
v -2.7398872 -2.729169 1.0999855
v -3.2216384 -2.1421484 1.0999842
v -3.579612 -1.4724218 1.0999832
v -3.80005 -0.7457266 1.0999826
v -3.8744828 0.010012041 1.0999824
v -3.80005 0.7657507 1.0999826
v -3.579611 1.4924456 1.0999832
v -3.2216378 2.1621728 1.0999842
v -2.7398872 2.749193 1.0999855
v -2.1528722 3.2309484 1.0999871
v -1.4831514 3.588925 1.0999889
v -0.7564637 3.809365 1.0999908
v -0.000731731 3.8837984 1.0999928
v 0.7549996 3.8093652 1.0999948
v 1.4816888 3.5889236 1.0999965
v 2.15141 3.2309472 1.0999985
v 2.7384248 2.749192 1.1
v 3.2201748 2.1621728 1.1000014
v 3.578148 1.4924458 1.1000022
v 3.7985864 0.76574992 1.1000028
v 3.8730196 0.010011231 1.100003

vn  -01 00 00
vn  -01 00 -00
vn  -0.980785 0.19509206 00
vn  -0.980785 0.19509206 -00
vn  -0.9238782 0.3826864 00
vn  -0.9238782 0.3826864 -00
vn  -0.83146728 0.5555738 00
vn  -0.83146728 0.5555738 -00
vn  -0.70710344 0.70711 00
vn  -0.70710344 0.70711 00
vn  -0.5555668 0.831472 00
vn  -0.5555668 0.831472 00
vn  -0.38268044 0.9238808 00
vn  -0.38268044 0.9238808 00
vn  -0.19508848 0.9807856 00
vn  -0.19508848 0.9807856 00
vn  -00 01 00
vn  -00 01 00
vn  0.19508858 0.9807856 00
vn  0.19508858 0.9807856 00
vn  0.38268056 0.9238808 00
vn  0.38268056 0.9238808 00
vn  0.5555668 0.8314719 00
vn  0.5555668 0.8314719 00
vn  0.7071035 0.70711 00
vn  0.7071035 0.70711 00
vn  0.83146728 0.55557376 00
vn  0.83146728 0.55557376 00
vn  0.9238784 0.38268624 00
vn  0.9238784 0.38268624 00
vn  0.980785 0.19509202 00
vn  0.980785 0.19509202 00
vn  01 -00 00
vn  01 -00 00
vn  0.980785 -0.19509222 00
vn  0.980785 -0.19509222 00
vn  0.9238782 -0.3826865 00
vn  0.9238782 -0.3826865 00
vn  0.83146728 -0.5555738 00
vn  0.83146728 -0.5555738 00
vn  0.70710344 -0.70711008 00
vn  0.70710344 -0.70711008 00
vn  0.5555665 -0.831472 00
vn  0.5555665 -0.831472 00
vn  0.38268012 -0.9238809 00
vn  0.38268012 -0.9238809 00
vn  0.19508868 -0.9807856 00
vn  0.19508868 -0.9807856 00
vn  -00 -01 00
vn  -00 -01 00
vn  -0.19508862 -0.9807856 00
vn  -0.19508862 -0.9807856 00
vn  -0.38268056 -0.9238808 00
vn  -0.38268056 -0.9238808 00
vn  -0.55556696 -0.8314719 00
vn  -0.55556696 -0.8314719 00
vn  -0.70710376 -0.7071099 00
vn  -0.70710376 -0.7071099 00
vn  -0.83146728 -0.5555738 00
vn  -0.83146728 -0.5555738 -00
vn  -0.9238782 -0.3826864 00
vn  -0.9238782 -0.3826864 -00
vn  -0.980785 -0.19509196 00
vn  -0.980785 -0.19509196 -00
vn  -01 00 00
vn  -01 00 -00
vn  01 00 -00
vn  01 00 00
vn  0.980785 -0.19509206 -00
vn  0.980785 -0.19509206 00
vn  0.9238782 -0.3826864 -00
vn  0.9238782 -0.3826864 00
vn  0.83146728 -0.5555738 -00
vn  0.83146728 -0.5555738 00
vn  0.70710344 -0.70711 -00
vn  0.70710344 -0.70711 -00
vn  0.5555668 -0.831472 -00
vn  0.5555668 -0.831472 -00
vn  0.38268044 -0.9238808 -00
vn  0.38268044 -0.9238808 -00
vn  0.19508848 -0.9807856 -00
vn  0.19508848 -0.9807856 -00
vn  00 -01 -00
vn  00 -01 -00
vn  -0.19508858 -0.9807856 -00
vn  -0.19508858 -0.9807856 -00
vn  -0.38268056 -0.9238808 -00
vn  -0.38268056 -0.9238808 -00
vn  -0.5555668 -0.8314719 -00
vn  -0.5555668 -0.8314719 -00
vn  -0.7071035 -0.70711 -00
vn  -0.7071035 -0.70711 -00
vn  -0.83146728 -0.55557376 -00
vn  -0.83146728 -0.55557376 -00
vn  -0.9238784 -0.38268624 -00
vn  -0.9238784 -0.38268624 -00
vn  -0.980785 -0.19509202 -00
vn  -0.980785 -0.19509202 -00
vn  -01 00 -00
vn  -01 00 -00
vn  -0.980785 0.19509222 -00
vn  -0.980785 0.19509222 -00
vn  -0.9238782 0.3826865 -00
vn  -0.9238782 0.3826865 -00
vn  -0.83146728 0.5555738 -00
vn  -0.83146728 0.5555738 -00
vn  -0.70710344 0.70711008 -00
vn  -0.70710344 0.70711008 -00
vn  -0.5555665 0.831472 -00
vn  -0.5555665 0.831472 -00
vn  -0.38268012 0.9238809 -00
vn  -0.38268012 0.9238809 -00
vn  -0.19508868 0.9807856 -00
vn  -0.19508868 0.9807856 -00
vn  00 01 -00
vn  00 01 -00
vn  0.19508862 0.9807856 -00
vn  0.19508862 0.9807856 -00
vn  0.38268056 0.9238808 -00
vn  0.38268056 0.9238808 -00
vn  0.55556696 0.8314719 -00
vn  0.55556696 0.8314719 -00
vn  0.70710376 0.7071099 -00
vn  0.70710376 0.7071099 -00
vn  0.83146728 0.5555738 -00
vn  0.83146728 0.5555738 00
vn  0.9238782 0.3826864 -00
vn  0.9238782 0.3826864 00
vn  0.980785 0.19509196 -00
vn  0.980785 0.19509196 00
vn  01 -00 -00
vn  01 -00 00
vn  00 00 01
vn  00 -00 01
vn  00 -00 01
vn  00 -00 01
vn  00 -00 01
vn  -00 -00 01
vn  -00 -00 01
vn  -00 -00 01
vn  -00 -00 01
vn  -00 -00 01
vn  -00 -00 01
vn  -00 -00 01
vn  -00 -00 01
vn  -00 -00 01
vn  -00 -00 01
vn  -00 -00 01
vn  -00 -00 01
vn  -00 00 01
vn  -00 00 01
vn  -00 00 01
vn  -00 00 01
vn  -00 00 01
vn  -00 00 01
vn  -00 00 01
vn  -00 00 01
vn  -00 00 01
vn  -00 00 01
vn  -00 00 01
vn  00 00 01
vn  00 00 01
vn  00 00 01
vn  00 00 01
vn  00 00 01
vn  00 00 01
vn  00 -00 01
vn  00 -00 01
vn  00 -00 01
vn  00 -00 01
vn  -00 -00 01
vn  -00 -00 01
vn  -00 -00 01
vn  -00 -00 01
vn  -00 -00 01
vn  -00 -00 01
vn  -00 -00 01
vn  -00 -00 01
vn  -00 -00 01
vn  -00 -00 01
vn  -00 -00 01
vn  -00 -00 01
vn  -00 00 01
vn  -00 00 01
vn  -00 00 01
vn  -00 00 01
vn  -00 00 01
vn  -00 00 01
vn  -00 00 01
vn  -00 00 01
vn  -00 00 01
vn  -00 00 01
vn  -00 00 01
vn  00 00 01
vn  00 00 01
vn  00 00 01
vn  00 00 01
vn  00 00 01
vn  -0.000022593738 00 -01
vn  -0.000022108644 00 -01
vn  -0.000020671994 00 -01
vn  -0.000018339002 0.000014026138 -01
vn  -0.000015199315 0.00001785189 -01
vn  -0.000011373601 0.000020991602 -01
vn  -00 0.00002332461 -01
vn  -00 0.00002476128 -01
vn  00 0.000025246382 -01
vn  00 0.00002476128 -01
vn  0.00001231369 0.00002332461 -01
vn  0.00001667842 0.000020991598 -01
vn  0.000020504128 0.00001785189 -01
vn  0.000023643812 0.000014026138 -01
vn  0.00002597681 00 -01
vn  0.000027413456 00 -01
vn  0.000027898556 -00 -01
vn  0.000027413456 -00 -01
vn  0.000025976804 -00 -01
vn  0.000023643804 -0.000014026142 -01
vn  0.000020504128 -0.00001785189 -01
vn  0.000016678415 -0.000020991602 -01
vn  0.000012313686 -0.000023324622 -01
vn  00 -0.00002476128 -01
vn  00 -0.000025246382 -01
vn  -00 -0.00002476128 -01
vn  -00 -0.00002332461 -01
vn  -0.00001137361 -0.000020991598 -01
vn  -0.000015199322 -0.000017851882 -01
vn  -0.000018339002 -0.000014026142 -01
vn  -0.000020671998 -00 -01
vn  -0.000022108644 -00 -01
vn  -0.000022593738 00 -01
vn  -0.000022593738 00 -01
vn  -0.000022108644 00 -01
vn  -0.000020671994 00 -01
vn  -0.000018339002 0.000014026138 -01
vn  -0.000015199315 0.00001785189 -01
vn  -0.000011373601 0.000020991602 -01
vn  -00 0.00002332461 -01
vn  -00 0.00002476128 -01
vn  00 0.000025246382 -01
vn  00 0.00002476128 -01
vn  0.00001231369 0.00002332461 -01
vn  0.00001667842 0.000020991598 -01
vn  0.000020504128 0.00001785189 -01
vn  0.000023643812 0.000014026138 -01
vn  0.00002597681 00 -01
vn  0.000027413456 00 -01
vn  0.000027898556 -00 -01
vn  0.000027413456 -00 -01
vn  0.000025976804 -00 -01
vn  0.000023643804 -0.000014026142 -01
vn  0.000020504128 -0.00001785189 -01
vn  0.000016678415 -0.000020991602 -01
vn  0.000012313686 -0.000023324622 -01
vn  00 -0.00002476128 -01
vn  00 -0.000025246382 -01
vn  -00 -0.00002476128 -01
vn  -00 -0.00002332461 -01
vn  -0.00001137361 -0.000020991598 -01
vn  -0.000015199322 -0.000017851882 -01
vn  -0.000018339002 -0.000014026142 -01
vn  -0.000020671998 -00 -01
vn  -0.000022108644 -00 -01
vn  -0.000022593738 00 -01

vt 00 00
vt 00 01
vt 0.03125 00
vt 0.03125 01
vt 0.0625 00
vt 0.0625 01
vt 0.09375 00
vt 0.09375 01
vt 0.125 00
vt 0.125 01
vt 0.15625 00
vt 0.15625 01
vt 0.1875 00
vt 0.1875 01
vt 0.21875 00
vt 0.21875 01
vt 0.25 00
vt 0.25 01
vt 0.28125 00
vt 0.28125 01
vt 0.3125 00
vt 0.3125 01
vt 0.34375 00
vt 0.34375 01
vt 0.375 00
vt 0.375 01
vt 0.40625 00
vt 0.40625 01
vt 0.4375 00
vt 0.4375 01
vt 0.46875 00
vt 0.46875 01
vt 0.5 00
vt 0.5 01
vt 0.53125 00
vt 0.53125 01
vt 0.5625 00
vt 0.5625 01
vt 0.59375 00
vt 0.59375 01
vt 0.625 00
vt 0.625 01
vt 0.65625 00
vt 0.65625 01
vt 0.6875 00
vt 0.6875 01
vt 0.71875 00
vt 0.71875 01
vt 0.75 00
vt 0.75 01
vt 0.78125 00
vt 0.78125 01
vt 0.8125 00
vt 0.8125 01
vt 0.84375 00
vt 0.84375 01
vt 0.875 00
vt 0.875 01
vt 0.90625 00
vt 0.90625 01
vt 0.9375 00
vt 0.9375 01
vt 0.96875 00
vt 0.96875 01
vt 01 00
vt 01 01
vt 00 00
vt 00 01
vt 0.03125 00
vt 0.03125 01
vt 0.0625 00
vt 0.0625 01
vt 0.09375 00
vt 0.09375 01
vt 0.125 00
vt 0.125 01
vt 0.15625 00
vt 0.15625 01
vt 0.1875 00
vt 0.1875 01
vt 0.21875 00
vt 0.21875 01
vt 0.25 00
vt 0.25 01
vt 0.28125 00
vt 0.28125 01
vt 0.3125 00
vt 0.3125 01
vt 0.34375 00
vt 0.34375 01
vt 0.375 00
vt 0.375 01
vt 0.40625 00
vt 0.40625 01
vt 0.4375 00
vt 0.4375 01
vt 0.46875 00
vt 0.46875 01
vt 0.5 00
vt 0.5 01
vt 0.53125 00
vt 0.53125 01
vt 0.5625 00
vt 0.5625 01
vt 0.59375 00
vt 0.59375 01
vt 0.625 00
vt 0.625 01
vt 0.65625 00
vt 0.65625 01
vt 0.6875 00
vt 0.6875 01
vt 0.71875 00
vt 0.71875 01
vt 0.75 00
vt 0.75 01
vt 0.78125 00
vt 0.78125 01
vt 0.8125 00
vt 0.8125 01
vt 0.84375 00
vt 0.84375 01
vt 0.875 00
vt 0.875 01
vt 0.90625 00
vt 0.90625 01
vt 0.9375 00
vt 0.9375 01
vt 0.96875 00
vt 0.96875 01
vt 01 00
vt 01 01
vt 00 00
vt 0.03125 00
vt 0.0625 00
vt 0.09375 00
vt 0.125 00
vt 0.15625 00
vt 0.1875 00
vt 0.21875 00
vt 0.25 00
vt 0.28125 00
vt 0.3125 00
vt 0.34375 00
vt 0.375 00
vt 0.40625 00
vt 0.4375 00
vt 0.46875 00
vt 0.5 00
vt 0.53125 00
vt 0.5625 00
vt 0.59375 00
vt 0.625 00
vt 0.65625 00
vt 0.6875 00
vt 0.71875 00
vt 0.75 00
vt 0.78125 00
vt 0.8125 00
vt 0.84375 00
vt 0.875 00
vt 0.90625 00
vt 0.9375 00
vt 0.96875 00
vt 01 00
vt 00 00
vt 0.03125 00
vt 0.0625 00
vt 0.09375 00
vt 0.125 00
vt 0.15625 00
vt 0.1875 00
vt 0.21875 00
vt 0.25 00
vt 0.28125 00
vt 0.3125 00
vt 0.34375 00
vt 0.375 00
vt 0.40625 00
vt 0.4375 00
vt 0.46875 00
vt 0.5 00
vt 0.53125 00
vt 0.5625 00
vt 0.59375 00
vt 0.625 00
vt 0.65625 00
vt 0.6875 00
vt 0.71875 00
vt 0.75 00
vt 0.78125 00
vt 0.8125 00
vt 0.84375 00
vt 0.875 00
vt 0.90625 00
vt 0.9375 00
vt 0.96875 00
vt 01 00
vt 00 01
vt 0.03125 01
vt 0.0625 01
vt 0.09375 01
vt 0.125 01
vt 0.15625 01
vt 0.1875 01
vt 0.21875 01
vt 0.25 01
vt 0.28125 01
vt 0.3125 01
vt 0.34375 01
vt 0.375 01
vt 0.40625 01
vt 0.4375 01
vt 0.46875 01
vt 0.5 01
vt 0.53125 01
vt 0.5625 01
vt 0.59375 01
vt 0.625 01
vt 0.65625 01
vt 0.6875 01
vt 0.71875 01
vt 0.75 01
vt 0.78125 01
vt 0.8125 01
vt 0.84375 01
vt 0.875 01
vt 0.90625 01
vt 0.9375 01
vt 0.96875 01
vt 01 01
vt 00 01
vt 0.03125 01
vt 0.0625 01
vt 0.09375 01
vt 0.125 01
vt 0.15625 01
vt 0.1875 01
vt 0.21875 01
vt 0.25 01
vt 0.28125 01
vt 0.3125 01
vt 0.34375 01
vt 0.375 01
vt 0.40625 01
vt 0.4375 01
vt 0.46875 01
vt 0.5 01
vt 0.53125 01
vt 0.5625 01
vt 0.59375 01
vt 0.625 01
vt 0.65625 01
vt 0.6875 01
vt 0.71875 01
vt 0.75 01
vt 0.78125 01
vt 0.8125 01
vt 0.84375 01
vt 0.875 01
vt 0.90625 01
vt 0.9375 01
vt 0.96875 01
vt 01 01

usemtl 1.BaseMaterial
usemap 1.BaseMaterial
f 266/266/266 268/268/268 265/265/265
f 267/267/267 265/265/265 268/268/268
f 265/265/265 265/265/265 265/265/265
f 265/265/265 265/265/265 265/265/265
f 268/268/268 270/270/270 267/267/267
f 269/269/269 267/267/267 270/270/270
f 265/265/265 265/265/265 265/265/265
f 265/265/265 265/265/265 265/265/265
f 270/270/270 272/272/272 269/269/269
f 271/271/271 269/269/269 272/272/272
f 265/265/265 265/265/265 265/265/265
f 265/265/265 265/265/265 265/265/265
f 272/272/272 274/274/274 271/271/271
f 273/273/273 271/271/271 274/274/274
f 265/265/265 265/265/265 265/265/265
f 265/265/265 265/265/265 265/265/265
f 274/274/274 276/276/276 273/273/273
f 275/275/275 273/273/273 276/276/276
f 265/265/265 265/265/265 265/265/265
f 265/265/265 265/265/265 265/265/265
f 276/276/276 278/278/278 275/275/275
f 277/277/277 275/275/275 278/278/278
f 265/265/265 265/265/265 265/265/265
f 265/265/265 265/265/265 265/265/265
f 278/278/278 280/280/280 277/277/277
f 279/279/279 277/277/277 280/280/280
f 265/265/265 265/265/265 265/265/265
f 265/265/265 265/265/265 265/265/265
f 280/280/280 282/282/282 279/279/279
f 281/281/281 279/279/279 282/282/282
f 265/265/265 265/265/265 265/265/265
f 265/265/265 265/265/265 265/265/265
f 282/282/282 284/284/284 281/281/281
f 283/283/283 281/281/281 284/284/284
f 265/265/265 265/265/265 265/265/265
f 265/265/265 265/265/265 265/265/265
f 284/284/284 286/286/286 283/283/283
f 285/285/285 283/283/283 286/286/286
f 265/265/265 265/265/265 265/265/265
f 265/265/265 265/265/265 265/265/265
f 286/286/286 288/288/288 285/285/285
f 287/287/287 285/285/285 288/288/288
f 265/265/265 265/265/265 265/265/265
f 265/265/265 265/265/265 265/265/265
f 288/288/288 290/290/290 287/287/287
f 289/289/289 287/287/287 290/290/290
f 265/265/265 265/265/265 265/265/265
f 265/265/265 265/265/265 265/265/265
f 290/290/290 292/292/292 289/289/289
f 291/291/291 289/289/289 292/292/292
f 265/265/265 265/265/265 265/265/265
f 265/265/265 265/265/265 265/265/265
f 292/292/292 294/294/294 291/291/291
f 293/293/293 291/291/291 294/294/294
f 265/265/265 265/265/265 265/265/265
f 265/265/265 265/265/265 265/265/265
f 294/294/294 296/296/296 293/293/293
f 295/295/295 293/293/293 296/296/296
f 265/265/265 265/265/265 265/265/265
f 265/265/265 265/265/265 265/265/265
f 296/296/296 298/298/298 295/295/295
f 297/297/297 295/295/295 298/298/298
f 265/265/265 265/265/265 265/265/265
f 265/265/265 265/265/265 265/265/265
f 298/298/298 300/300/300 297/297/297
f 299/299/299 297/297/297 300/300/300
f 265/265/265 265/265/265 265/265/265
f 265/265/265 265/265/265 265/265/265
f 300/300/300 302/302/302 299/299/299
f 301/301/301 299/299/299 302/302/302
f 265/265/265 265/265/265 265/265/265
f 265/265/265 265/265/265 265/265/265
f 302/302/302 304/304/304 301/301/301
f 303/303/303 301/301/301 304/304/304
f 265/265/265 265/265/265 265/265/265
f 265/265/265 265/265/265 265/265/265
f 304/304/304 306/306/306 303/303/303
f 305/305/305 303/303/303 306/306/306
f 265/265/265 265/265/265 265/265/265
f 265/265/265 265/265/265 265/265/265
f 306/306/306 308/308/308 305/305/305
f 307/307/307 305/305/305 308/308/308
f 265/265/265 265/265/265 265/265/265
f 265/265/265 265/265/265 265/265/265
f 308/308/308 310/310/310 307/307/307
f 309/309/309 307/307/307 310/310/310
f 265/265/265 265/265/265 265/265/265
f 265/265/265 265/265/265 265/265/265
f 310/310/310 312/312/312 309/309/309
f 311/311/311 309/309/309 312/312/312
f 265/265/265 265/265/265 265/265/265
f 265/265/265 265/265/265 265/265/265
f 312/312/312 314/314/314 311/311/311
f 313/313/313 311/311/311 314/314/314
f 265/265/265 265/265/265 265/265/265
f 265/265/265 265/265/265 265/265/265
f 314/314/314 316/316/316 313/313/313
f 315/315/315 313/313/313 316/316/316
f 265/265/265 265/265/265 265/265/265
f 265/265/265 265/265/265 265/265/265
f 316/316/316 318/318/318 315/315/315
f 317/317/317 315/315/315 318/318/318
f 265/265/265 265/265/265 265/265/265
f 265/265/265 265/265/265 265/265/265
f 318/318/318 320/320/320 317/317/317
f 319/319/319 317/317/317 320/320/320
f 265/265/265 265/265/265 265/265/265
f 265/265/265 265/265/265 265/265/265
f 320/320/320 322/322/322 319/319/319
f 321/321/321 319/319/319 322/322/322
f 265/265/265 265/265/265 265/265/265
f 265/265/265 265/265/265 265/265/265
f 322/322/322 324/324/324 321/321/321
f 323/323/323 321/321/321 324/324/324
f 265/265/265 265/265/265 265/265/265
f 265/265/265 265/265/265 265/265/265
f 324/324/324 326/326/326 323/323/323
f 325/325/325 323/323/323 326/326/326
f 265/265/265 265/265/265 265/265/265
f 265/265/265 265/265/265 265/265/265
f 326/326/326 328/328/328 325/325/325
f 327/327/327 325/325/325 328/328/328
f 265/265/265 265/265/265 265/265/265
f 265/265/265 265/265/265 265/265/265
f 328/328/328 330/330/330 327/327/327
f 329/329/329 327/327/327 330/330/330
f 265/265/265 265/265/265 265/265/265
f 265/265/265 265/265/265 265/265/265
f 265/265/265 265/265/265 265/265/265
f 265/265/265 265/265/265 265/265/265
f 265/265/265 265/265/265 265/265/265
f 265/265/265 265/265/265 265/265/265
f 331/331/331 334/334/334 332/332/332
f 334/334/334 331/331/331 333/333/333
f 265/265/265 265/265/265 265/265/265
f 265/265/265 265/265/265 265/265/265
f 333/333/333 336/336/336 334/334/334
f 336/336/336 333/333/333 335/335/335
f 265/265/265 265/265/265 265/265/265
f 265/265/265 265/265/265 265/265/265
f 335/335/335 338/338/338 336/336/336
f 338/338/338 335/335/335 337/337/337
f 265/265/265 265/265/265 265/265/265
f 265/265/265 265/265/265 265/265/265
f 337/337/337 340/340/340 338/338/338
f 340/340/340 337/337/337 339/339/339
f 265/265/265 265/265/265 265/265/265
f 265/265/265 265/265/265 265/265/265
f 339/339/339 342/342/342 340/340/340
f 342/342/342 339/339/339 341/341/341
f 265/265/265 265/265/265 265/265/265
f 265/265/265 265/265/265 265/265/265
f 341/341/341 344/344/344 342/342/342
f 344/344/344 341/341/341 343/343/343
f 265/265/265 265/265/265 265/265/265
f 265/265/265 265/265/265 265/265/265
f 343/343/343 346/346/346 344/344/344
f 346/346/346 343/343/343 345/345/345
f 265/265/265 265/265/265 265/265/265
f 265/265/265 265/265/265 265/265/265
f 345/345/345 348/348/348 346/346/346
f 348/348/348 345/345/345 347/347/347
f 265/265/265 265/265/265 265/265/265
f 265/265/265 265/265/265 265/265/265
f 347/347/347 350/350/350 348/348/348
f 350/350/350 347/347/347 349/349/349
f 265/265/265 265/265/265 265/265/265
f 265/265/265 265/265/265 265/265/265
f 349/349/349 352/352/352 350/350/350
f 352/352/352 349/349/349 351/351/351
f 265/265/265 265/265/265 265/265/265
f 265/265/265 265/265/265 265/265/265
f 351/351/351 354/354/354 352/352/352
f 354/354/354 351/351/351 353/353/353
f 265/265/265 265/265/265 265/265/265
f 265/265/265 265/265/265 265/265/265
f 353/353/353 356/356/356 354/354/354
f 356/356/356 353/353/353 355/355/355
f 265/265/265 265/265/265 265/265/265
f 265/265/265 265/265/265 265/265/265
f 355/355/355 358/358/358 356/356/356
f 358/358/358 355/355/355 357/357/357
f 265/265/265 265/265/265 265/265/265
f 265/265/265 265/265/265 265/265/265
f 357/357/357 360/360/360 358/358/358
f 360/360/360 357/357/357 359/359/359
f 265/265/265 265/265/265 265/265/265
f 265/265/265 265/265/265 265/265/265
f 359/359/359 362/362/362 360/360/360
f 362/362/362 359/359/359 361/361/361
f 265/265/265 265/265/265 265/265/265
f 265/265/265 265/265/265 265/265/265
f 361/361/361 364/364/364 362/362/362
f 364/364/364 361/361/361 363/363/363
f 265/265/265 265/265/265 265/265/265
f 265/265/265 265/265/265 265/265/265
f 363/363/363 366/366/366 364/364/364
f 366/366/366 363/363/363 365/365/365
f 265/265/265 265/265/265 265/265/265
f 265/265/265 265/265/265 265/265/265
f 365/365/365 368/368/368 366/366/366
f 368/368/368 365/365/365 367/367/367
f 265/265/265 265/265/265 265/265/265
f 265/265/265 265/265/265 265/265/265
f 367/367/367 370/370/370 368/368/368
f 370/370/370 367/367/367 369/369/369
f 265/265/265 265/265/265 265/265/265
f 265/265/265 265/265/265 265/265/265
f 369/369/369 372/372/372 370/370/370
f 372/372/372 369/369/369 371/371/371
f 265/265/265 265/265/265 265/265/265
f 265/265/265 265/265/265 265/265/265
f 371/371/371 374/374/374 372/372/372
f 374/374/374 371/371/371 373/373/373
f 265/265/265 265/265/265 265/265/265
f 265/265/265 265/265/265 265/265/265
f 373/373/373 376/376/376 374/374/374
f 376/376/376 373/373/373 375/375/375
f 265/265/265 265/265/265 265/265/265
f 265/265/265 265/265/265 265/265/265
f 375/375/375 378/378/378 376/376/376
f 378/378/378 375/375/375 377/377/377
f 265/265/265 265/265/265 265/265/265
f 265/265/265 265/265/265 265/265/265
f 377/377/377 380/380/380 378/378/378
f 380/380/380 377/377/377 379/379/379
f 265/265/265 265/265/265 265/265/265
f 265/265/265 265/265/265 265/265/265
f 379/379/379 382/382/382 380/380/380
f 382/382/382 379/379/379 381/381/381
f 265/265/265 265/265/265 265/265/265
f 265/265/265 265/265/265 265/265/265
f 381/381/381 384/384/384 382/382/382
f 384/384/384 381/381/381 383/383/383
f 265/265/265 265/265/265 265/265/265
f 265/265/265 265/265/265 265/265/265
f 383/383/383 386/386/386 384/384/384
f 386/386/386 383/383/383 385/385/385
f 265/265/265 265/265/265 265/265/265
f 265/265/265 265/265/265 265/265/265
f 385/385/385 388/388/388 386/386/386
f 388/388/388 385/385/385 387/387/387
f 265/265/265 265/265/265 265/265/265
f 265/265/265 265/265/265 265/265/265
f 387/387/387 390/390/390 388/388/388
f 390/390/390 387/387/387 389/389/389
f 265/265/265 265/265/265 265/265/265
f 265/265/265 265/265/265 265/265/265
f 389/389/389 392/392/392 390/390/390
f 392/392/392 389/389/389 391/391/391
f 265/265/265 265/265/265 265/265/265
f 265/265/265 265/265/265 265/265/265
f 391/391/391 394/394/394 392/392/392
f 394/394/394 391/391/391 393/393/393
f 265/265/265 265/265/265 265/265/265
f 265/265/265 265/265/265 265/265/265
f 393/393/393 396/396/396 394/394/394
f 396/396/396 393/393/393 395/395/395
f 265/265/265 265/265/265 265/265/265
f 265/265/265 265/265/265 265/265/265
f 265/265/265 265/265/265 265/265/265
f 265/265/265 265/265/265 265/265/265
f 265/265/265 265/265/265 265/265/265
f 265/265/265 265/265/265 265/265/265
f 431/431/431 397/397/397 398/398/398
f 431/431/431 430/430/430 397/397/397
f 432/432/432 398/398/398 399/399/399
f 432/432/432 431/431/431 398/398/398
f 433/433/433 399/399/399 400/400/400
f 433/433/433 432/432/432 399/399/399
f 434/434/434 400/400/400 401/401/401
f 434/434/434 433/433/433 400/400/400
f 435/435/435 401/401/401 402/402/402
f 435/435/435 434/434/434 401/401/401
f 436/436/436 402/402/402 403/403/403
f 436/436/436 435/435/435 402/402/402
f 437/437/437 403/403/403 404/404/404
f 437/437/437 436/436/436 403/403/403
f 438/438/438 404/404/404 405/405/405
f 438/438/438 437/437/437 404/404/404
f 439/439/439 405/405/405 406/406/406
f 439/439/439 438/438/438 405/405/405
f 440/440/440 406/406/406 407/407/407
f 440/440/440 439/439/439 406/406/406
f 441/441/441 407/407/407 408/408/408
f 441/441/441 440/440/440 407/407/407
f 442/442/442 408/408/408 409/409/409
f 442/442/442 441/441/441 408/408/408
f 443/443/443 409/409/409 410/410/410
f 443/443/443 442/442/442 409/409/409
f 444/444/444 410/410/410 411/411/411
f 444/444/444 443/443/443 410/410/410
f 445/445/445 411/411/411 412/412/412
f 445/445/445 444/444/444 411/411/411
f 446/446/446 412/412/412 413/413/413
f 446/446/446 445/445/445 412/412/412
f 447/447/447 413/413/413 414/414/414
f 447/447/447 446/446/446 413/413/413
f 448/448/448 414/414/414 415/415/415
f 448/448/448 447/447/447 414/414/414
f 449/449/449 415/415/415 416/416/416
f 449/449/449 448/448/448 415/415/415
f 450/450/450 416/416/416 417/417/417
f 450/450/450 449/449/449 416/416/416
f 451/451/451 417/417/417 418/418/418
f 451/451/451 450/450/450 417/417/417
f 452/452/452 418/418/418 419/419/419
f 452/452/452 451/451/451 418/418/418
f 453/453/453 419/419/419 420/420/420
f 453/453/453 452/452/452 419/419/419
f 454/454/454 420/420/420 421/421/421
f 454/454/454 453/453/453 420/420/420
f 455/455/455 421/421/421 422/422/422
f 455/455/455 454/454/454 421/421/421
f 456/456/456 422/422/422 423/423/423
f 456/456/456 455/455/455 422/422/422
f 457/457/457 423/423/423 424/424/424
f 457/457/457 456/456/456 423/423/423
f 458/458/458 424/424/424 425/425/425
f 458/458/458 457/457/457 424/424/424
f 459/459/459 425/425/425 426/426/426
f 459/459/459 458/458/458 425/425/425
f 460/460/460 426/426/426 427/427/427
f 460/460/460 459/459/459 426/426/426
f 461/461/461 427/427/427 428/428/428
f 461/461/461 460/460/460 427/427/427
f 462/462/462 428/428/428 429/429/429
f 462/462/462 461/461/461 428/428/428
f 430/430/430 429/429/429 397/397/397
f 430/430/430 462/462/462 429/429/429
f 464/464/464 463/463/463 497/497/497
f 496/496/496 497/497/497 463/463/463
f 465/465/465 464/464/464 498/498/498
f 497/497/497 498/498/498 464/464/464
f 466/466/466 465/465/465 499/499/499
f 498/498/498 499/499/499 465/465/465
f 467/467/467 466/466/466 500/500/500
f 499/499/499 500/500/500 466/466/466
f 468/468/468 467/467/467 501/501/501
f 500/500/500 501/501/501 467/467/467
f 469/469/469 468/468/468 502/502/502
f 501/501/501 502/502/502 468/468/468
f 470/470/470 469/469/469 503/503/503
f 502/502/502 503/503/503 469/469/469
f 471/471/471 470/470/470 504/504/504
f 503/503/503 504/504/504 470/470/470
f 472/472/472 471/471/471 505/505/505
f 504/504/504 505/505/505 471/471/471
f 473/473/473 472/472/472 506/506/506
f 505/505/505 506/506/506 472/472/472
f 474/474/474 473/473/473 507/507/507
f 506/506/506 507/507/507 473/473/473
f 475/475/475 474/474/474 508/508/508
f 507/507/507 508/508/508 474/474/474
f 476/476/476 475/475/475 509/509/509
f 508/508/508 509/509/509 475/475/475
f 477/477/477 476/476/476 510/510/510
f 509/509/509 510/510/510 476/476/476
f 478/478/478 477/477/477 511/511/511
f 510/510/510 511/511/511 477/477/477
f 479/479/479 478/478/478 512/512/512
f 511/511/511 512/512/512 478/478/478
f 480/480/480 479/479/479 513/513/513
f 512/512/512 513/513/513 479/479/479
f 481/481/481 480/480/480 514/514/514
f 513/513/513 514/514/514 480/480/480
f 482/482/482 481/481/481 515/515/515
f 514/514/514 515/515/515 481/481/481
f 483/483/483 482/482/482 516/516/516
f 515/515/515 516/516/516 482/482/482
f 484/484/484 483/483/483 517/517/517
f 516/516/516 517/517/517 483/483/483
f 485/485/485 484/484/484 518/518/518
f 517/517/517 518/518/518 484/484/484
f 486/486/486 485/485/485 519/519/519
f 518/518/518 519/519/519 485/485/485
f 487/487/487 486/486/486 520/520/520
f 519/519/519 520/520/520 486/486/486
f 488/488/488 487/487/487 521/521/521
f 520/520/520 521/521/521 487/487/487
f 489/489/489 488/488/488 522/522/522
f 521/521/521 522/522/522 488/488/488
f 490/490/490 489/489/489 523/523/523
f 522/522/522 523/523/523 489/489/489
f 491/491/491 490/490/490 524/524/524
f 523/523/523 524/524/524 490/490/490
f 492/492/492 491/491/491 525/525/525
f 524/524/524 525/525/525 491/491/491
f 493/493/493 492/492/492 526/526/526
f 525/525/525 526/526/526 492/492/492
f 494/494/494 493/493/493 527/527/527
f 526/526/526 527/527/527 493/493/493
f 495/495/495 494/494/494 528/528/528
f 527/527/527 528/528/528 494/494/494
f 463/463/463 495/495/495 496/496/496
f 528/528/528 496/496/496 495/495/495

g c0002.31791
usemtl 1.BaseMaterial
usemap 1.BaseMaterial
v 3.8148936 -0.3442607 1.1144309
v 3.796372 -0.48045684 1.1068081
v 3.7818788 -0.61855504 1.1025585
v 3.7713472 -0.7571494 1.1012651
v 3.7646096 -0.8956453 1.1024804
v 3.7615124 -1.0340782 1.1057949
v 3.7619956 -1.1735905 1.1108879
v 3.766025 -1.3113165 1.1172972
v 3.7737796 -1.450733 1.1248371
v 3.7852624 -1.5886176 1.132976
v 3.8007624 -1.7259402 1.1413574
v 3.8209396 -1.8642204 1.1495898
v 3.8456252 -1.998507 1.1567782
v 3.876988 -2.1352584 1.1626931
v 3.9144296 -2.2669138 1.1668472
v 3.96039 -2.397728 1.1693105
v 4.0156904 -2.52492 1.1699325
v 4.0803988 -2.64509 1.1687344
v 4.157828 -2.760703 1.1657772
v 4.2464964 -2.8665944 1.1614
v 4.3461644 -2.9616212 1.1560882
v 4.456218 -3.045064 1.150124
v 4.5748596 -3.1158476 1.1433898
v 4.7000396 -3.1736502 1.1357555
v 4.8304764 -3.2190472 1.1270735
v 4.9650264 -3.2528 1.1172188
v 5.10042 -3.2754664 1.1062792
v 5.238132 -3.288515 1.0940455
v 5.376609 -3.2923504 1.0810876
v 5.5148524 -3.2867264 1.068318
v 5.653174 -3.2703496 1.056615
v 5.7882276 -3.241011 1.0474738
v 5.917026 -3.1944256 1.0430272
v 6.0333444 -3.1214676 1.0474728
v 3.8154588 -0.35478516 1.2550508
v 3.7919412 -0.4889067 1.2490244
v 3.7741784 -0.62701344 1.2458486
v 3.7620212 -0.7650475 1.2452684
v 3.7545024 -0.9041886 1.246875
v 3.751339 -1.0428672 1.250354
v 3.7522312 -1.1827072 1.2553936
v 3.757033 -1.321142 1.2615871
v 3.7657904 -1.4608019 1.2687431
v 3.7784488 -1.5990369 1.2764331
v 3.7953196 -1.7370978 1.2841811
v 3.8166956 -1.8748498 1.2918615
v 3.8429848 -2.0103024 1.2983228
v 3.8754824 -2.146163 1.3037359
v 3.914609 -2.2785452 1.3073121
v 3.96196 -2.408921 1.3093422
v 4.018715 -2.5356484 1.3096249
v 4.0851296 -2.655702 1.3081499
v 4.1637548 -2.770542 1.3050605
v 4.2533996 -2.8759844 1.3006289
v 4.3536956 -2.970995 1.2952986
v 4.4639756 -3.0547072 1.2893472
v 4.582669 -3.1260472 1.2826708
v 4.7079776 -3.184612 1.2751512
v 4.838471 -3.2307002 1.2666935
v 4.9730396 -3.2649622 1.257193
v 5.109011 -3.2879488 1.2467126
v 5.247066 -3.3008922 1.2351122
v 5.385979 -3.3041676 1.2228906
v 5.52448 -3.2974244 1.2108935
v 5.6627724 -3.279253 1.199924
v 5.7975804 -3.2472596 1.191361
v 5.9252124 -3.1972856 1.1872078
v 6.039215 -3.120841 1.1913184
v 3.8152288 -0.36730504 1.3962135
v 3.787707 -0.49952184 1.3910962
v 3.767322 -0.6375454 1.3885908
v 3.753897 -0.7750103 1.3885436
v 3.7458076 -0.9146495 1.3905019
v 3.7426712 -1.0534946 1.394218
v 3.743988 -1.1935722 1.3993631
v 3.7495236 -1.3326065 1.4055706
v 3.7592076 -1.4724306 1.4126288
v 3.7729528 -1.6109819 1.4201975
v 3.791075 -1.7496078 1.4276642
v 3.8135988 -1.886925 1.4351415
v 3.8413816 -2.0232582 1.441195
v 3.875038 -2.1583196 1.446372
v 3.9157956 -2.2911844 1.4495772
v 3.9645472 -2.421025 1.4513125
v 4.022766 -2.547182 1.4513258
v 4.0908236 -2.6669378 1.4495842
v 4.1706004 -2.7809202 1.446326
v 4.2611464 -2.8858212 1.441778
v 4.361989 -2.9806972 1.4363612
v 4.4724296 -3.064566 1.4303526
v 4.5910976 -3.1363562 1.4236564
v 4.7164184 -3.1955844 1.4161642
v 4.846866 -3.2423188 1.4078261
v 4.9813556 -3.2770952 1.3985549
v 5.1177296 -3.3004438 1.3883911
v 5.256008 -3.3133736 1.3772564
v 5.3952196 -3.316194 1.3655852
v 5.533875 -3.3084372 1.3541656
v 5.672022 -3.2885704 1.3437342
v 5.8064576 -3.2540164 1.3355632
v 5.932816 -3.2007812 1.3315436
v 6.0445056 -3.121005 1.3352198
v 3.814217 -0.38169556 1.5367769
v 3.7836688 -0.5122963 1.5329639
v 3.7612888 -0.6502045 1.531341
v 3.7469364 -0.7871149 1.5319214
v 3.7384836 -0.927113 1.5342681
v 3.7354712 -1.0660376 1.5382149
v 3.737241 -1.2062442 1.5434238
v 3.743486 -1.3457402 1.54956
v 3.754035 -1.4856094 1.5563948
v 3.768789 -1.6243931 1.5636626
v 3.7880488 -1.7633538 1.5706456
v 3.8116672 -1.9002718 1.577667
v 3.840817 -2.037141 1.5831025
v 3.8756328 -2.1714584 1.5878165
v 3.9179316 -2.3045228 1.590503
v 3.9680564 -2.4337236 1.5918315
v 4.0277064 -2.559211 1.5915185
v 4.0973088 -2.6785012 1.5895185
v 4.1781696 -2.7915722 1.586131
v 4.269531 -2.8958622 1.5815335
v 4.370836 -2.9905036 1.5761085
v 4.4813776 -3.074427 1.5701215
v 4.59996 -3.1465652 1.5634912
v 4.725191 -3.2063644 1.5561238
v 4.8555056 -3.253704 1.5480064
v 4.9898344 -3.289011 1.5390705
v 5.1264524 -3.3127796 1.5293398
v 5.264853 -3.3258096 1.5187862
v 5.4042424 -3.328312 1.5077875
v 5.542974 -3.31968 1.497064
v 5.680876 -3.2982516 1.4872876
v 5.8148344 -3.2612612 1.4796198
v 5.93983 -3.2049064 1.4758242
v 6.0492156 -3.1219596 1.4791169
v 3.8124328 -0.39797804 1.6772912
v 3.7798276 -0.5272299 1.6746494
v 3.7560924 -0.6649993 1.673949
v 3.7411684 -0.8013787 1.675218
v 3.732563 -0.9415974 1.6779862
v 3.7297724 -1.0805109 1.6821612
v 3.732014 -1.22073 1.6874138
v 3.7389316 -1.360544 1.6934592
v 3.7502688 -1.5003389 1.7000776
v 3.7659372 -1.6392795 1.7070856
v 3.7862064 -1.7783648 1.7136784
v 3.810856 -1.9149416 1.720368
v 3.841252 -2.0520438 1.725339
v 3.8772336 -2.1856912 1.729732
v 3.9210036 -2.318708 1.7320264
v 3.972495 -2.4471778 1.7330372
v 4.0335724 -2.5718976 1.7324452
v 4.104645 -2.6905556 1.7301956
v 4.1865424 -2.802645 1.726656
v 4.2786424 -2.906243 1.721971
v 4.380334 -3.0005424 1.7164962
v 4.490915 -3.0844156 1.710491
v 4.6093444 -3.1568004 1.7038844
v 4.734378 -3.2170752 1.6965964
v 4.8644656 -3.2649776 1.6886462
v 4.998547 -3.3008184 1.6799826
v 5.135243 -3.3250516 1.6706185
v 5.2736556 -3.3382764 1.6605719
v 5.413095 -3.3405756 1.6501726
v 5.551809 -3.3311876 1.6400798
v 5.68936 -3.308311 1.630908
v 5.8227244 -3.268997 1.623712
v 5.9462576 -3.2096612 1.6201264
v 6.053347 -3.1237036 1.6230302
v 3.8098844 -0.41613296 1.8177856
v 3.7761844 -0.5443176 1.8161284
v 3.7517484 -0.6819116 1.8161268
v 3.7366224 -0.8177725 1.8179476
v 3.7280836 -0.958067 1.8211064
v 3.725606 -1.096882 1.825575
v 3.7283296 -1.2370078 1.8309998
v 3.735869 -1.3770062 1.8371122
v 3.7479064 -1.516616 1.8436664
v 3.7643864 -1.6556382 1.8505302
v 3.7855348 -1.7946324 1.8568138
v 3.8111464 -1.930905 1.8631716
v 3.8426624 -2.0679216 1.8676768
v 3.8798076 -2.200946 1.8716788
v 3.9249724 -2.3336578 1.8735476
v 3.9778124 -2.461296 1.8741998
v 4.0403004 -2.5851516 1.873308
v 4.1127672 -2.70302 1.8708224
v 4.195649 -2.814068 1.8671516
v 4.288418 -2.9169052 1.8624132
v 4.3904236 -3.0107662 1.8569288
v 4.5009904 -3.0944924 1.8509424
v 4.619209 -3.167031 1.8443976
v 4.7439476 -3.2276944 1.83723
v 4.8737224 -3.27612 1.8294818
v 5.0074776 -3.3125078 1.8211196
v 5.144097 -3.3372556 1.8121468
v 5.2824176 -3.3507738 1.802614
v 5.4217844 -3.3529888 1.7928076
v 5.560391 -3.3429652 1.7833206
v 5.6974824 -3.3187562 1.7747138
v 5.830136 -3.277227 1.7679376
v 5.952104 -3.215045 1.7645012
v 6.0568996 -3.1262364 1.7669716
v 3.8066016 -0.43602524 1.9574978
v 3.7727412 -0.5635338 1.957241
v 3.7482484 -0.7010195 1.9583782
v 3.733285 -0.8364281 1.9610028
v 3.7250336 -0.97667 1.9646544
v 3.722966 -1.1152795 1.9693492
v 3.726187 -1.2551616 1.9747768
v 3.7343004 -1.3951564 1.9807252
v 3.7469456 -1.5344139 1.9869752
v 3.7641288 -1.6733915 1.9934632
v 3.7860144 -1.8120444 1.999282
v 3.8125076 -1.9480264 2.005176
v 3.8450076 -2.0846376 2.0091876
v 3.8833012 -2.2170882 2.01277
v 3.929775 -2.349251 2.0142382
v 3.98394 -2.475969 2.0145484
v 4.0478144 -2.5988752 2.0133696
v 4.1215936 -2.7158084 2.010661
v 4.205408 -2.825763 2.0068602
v 4.2987716 -2.9277752 2.0020704
v 4.4010196 -3.0211064 1.9965822
v 4.5115196 -3.1045936 1.9906226
v 4.629471 -3.1771912 1.9841502
v 4.753824 -3.2381564 1.9771194
v 4.883207 -3.287064 1.9695916
v 5.0165596 -3.324006 1.9615512
v 5.152954 -3.3493128 1.9530028
v 5.2910844 -3.3632236 1.9440244
v 5.430264 -3.3654784 1.93487
v 5.568684 -3.35495 1.9260682
v 5.705218 -3.32954 1.9181304
v 5.8370504 -3.285925 1.9119
v 5.95736 -3.2210498 1.9087394
v 6.059872 -3.1295562 1.9108594
v 3.802563 -0.45781404 2.0977264
v 3.7694924 -0.5849033 2.0982092
v 3.745613 -0.7222519 2.100068
v 3.7311964 -0.8572296 2.1033018
v 3.7234576 -0.9972742 2.1074012
v 3.7218904 -1.1355868 2.1124008
v 3.7256076 -1.2751122 2.1180028
v 3.7342312 -1.4149656 2.124029
v 3.7473828 -1.5537608 2.1302636
v 3.7651516 -1.692628 2.136694
v 3.7876336 -1.8307424 2.1423768
v 3.814937 -1.966492 2.148118
v 3.8483016 -2.1024138 2.151911
v 3.8877496 -2.234355 2.1552936
v 3.9354712 -2.3657336 2.1564902
v 3.990959 -2.4914352 2.1565098
v 4.056222 -2.6132936 2.155068
v 4.1312576 -2.729133 2.152147
v 4.215967 -2.8379248 2.1482078
v 4.309865 -2.9390338 2.1433516
v 4.412289 -3.031736 2.137842
v 4.5226684 -3.114887 2.1318864
v 4.64029 -3.1874502 2.1254304
v 4.764153 -3.248629 2.1184672
v 4.893054 -3.297978 2.1110748
v 5.0259176 -3.3354764 2.1032536
v 5.161928 -3.3613828 2.0950088
v 5.29976 -3.3757712 2.0864402
v 5.438622 -3.378166 2.0777742
v 5.576754 -3.367236 2.0694816
v 5.712614 -3.340725 2.0620316
v 5.8435004 -3.2951224 2.0561716
v 5.962041 -3.2276824 2.0531312
v 6.062266 -3.1336644 2.0548028
v 3.797836 -0.4811893 2.2366956
v 3.7664472 -0.6083594 2.2386502
v 3.74384 -0.7456806 2.241611
v 3.730355 -0.8803032 2.245587
v 3.7233596 -1.0200215 2.2501984
v 3.722385 -1.1579261 2.2554796
v 3.7265984 -1.296939 2.261173
v 3.7356644 -1.4364498 2.2671264
v 3.749209 -1.5745942 2.27312
v 3.7674336 -1.7131898 2.2791696
v 3.7903536 -1.8504804 2.2843752
v 3.8183624 -1.9859476 2.289499
v 3.8524424 -2.1208328 2.292738
v 3.8929996 -2.252257 2.295508
v 3.9418652 -2.3826096 2.2962748
v 3.998628 -2.5072132 2.2959288
v 4.065237 -2.6279528 2.294194
v 4.1414396 -2.7425804 2.2910836
v 4.226987 -2.8501804 2.2870416
v 4.3213516 -2.950344 2.2821772
v 4.4238904 -3.0423464 2.2767144
v 4.534108 -3.125084 2.270835
v 4.651364 -3.1975376 2.2645322
v 4.77467 -3.2588578 2.257803
v 4.9030304 -3.3086176 2.250723
v 5.0353524 -3.3466896 2.2433124
v 5.1708556 -3.373248 2.2355858
v 5.3083076 -3.3882188 2.227646
v 5.4467524 -3.3908872 2.2196982
v 5.5845276 -3.3796984 2.2121402
v 5.7196244 -3.3522276 2.2053978
v 5.8494604 -3.3047756 2.2001084
v 5.966139 -3.2349288 2.1973498
v 6.064084 -3.1385556 2.1986604
v 3.792381 -0.5063763 2.3759688
v 3.7635972 -0.6339413 2.3788642
v 3.742936 -0.7712699 2.3827128
v 3.7307776 -0.9055926 2.3873602
v 3.7247576 -1.0448491 2.3924868
v 3.7244656 -1.1822411 2.3980828
v 3.7291684 -1.3206011 2.4039416
v 3.7386012 -1.4595995 2.4099416
v 3.752422 -1.5969532 2.415867
v 3.770972 -1.7351852 2.4217658
v 3.7941796 -1.8714436 2.4267844
v 3.8228128 -2.0066742 2.4316076
v 3.857486 -2.1402498 2.4346064
v 3.8991528 -2.2712222 2.4370488
v 3.9491036 -2.400329 2.4375688
v 4.0071412 -2.5237464 2.4369552
v 4.0750972 -2.6432752 2.4349762
v 4.152416 -2.7565428 2.4316848
v 4.238768 -2.862883 2.4275158
v 4.33354 -2.962027 2.4226012
v 4.4361304 -3.0532324 2.417139
v 4.5461344 -3.135464 2.411287
v 4.662963 -3.2077162 2.4050544
v 4.785614 -3.2690922 2.3984624
v 4.9133456 -3.31922 2.3915836
v 5.0450436 -3.357865 2.3844556
v 5.179886 -3.38511 2.3771056
v 5.3168504 -3.400743 2.3696384
v 5.454752 -3.4037836 2.3622444
v 5.5920744 -3.392439 2.3552596
v 5.726293 -3.3641112 2.3490738
v 5.854954 -3.3149156 2.3442268
v 5.969662 -3.2427976 2.3416482
v 6.065325 -3.1442316 2.3425402
v 3.7862376 -0.5332136 2.5147736
v 3.760945 -0.6616072 2.5186676
v 3.7429036 -0.79902496 2.5233702
v 3.7324704 -0.9331128 2.5286364
v 3.727662 -1.0717744 2.5342842
v 3.7281412 -1.2085458 2.5402282
v 3.733322 -1.3461056 2.5463104
v 3.74304 -1.4844062 2.5524188
v 3.7570112 -1.6208032 2.5583172
v 3.7757456 -1.7585382 2.5640598
v 3.7990796 -1.8935112 2.5688784
v 3.828236 -2.0284864 2.5732924
v 3.863363 -2.1604416 2.5760044
v 3.906108 -2.290973 2.5779878
v 3.95706 -2.4186064 2.5782128
v 4.0163404 -2.5407498 2.5772732
v 4.0856188 -2.65899 2.5750238
v 4.1639848 -2.770775 2.5715744
v 4.2510996 -2.875816 2.5673096
v 4.346225 -2.9738896 2.562394
v 4.4488124 -3.0642256 2.5569888
v 4.558564 -3.1458752 2.551217
v 4.6749236 -3.217848 2.545111
v 4.796844 -3.2792078 2.5387188
v 4.923883 -3.3296704 2.5321018
v 5.0548924 -3.3688996 2.5253172
v 5.1889436 -3.396875 2.5184084
v 5.3253324 -3.413262 2.511469
v 5.4625824 -3.4167872 2.5046784
v 5.5993696 -3.4054076 2.498305
v 5.732607 -3.3763444 2.492705
v 5.859976 -3.3255244 2.488319
v 5.9726076 -3.2512816 2.485923
v 6.0659904 -3.15069 2.486389
v 3.7794276 -0.5616347 2.652967
v 3.7584924 -0.6913211 2.6579522
v 3.7437472 -0.828968 2.6636572
v 3.7354464 -0.9629199 2.669607
v 3.7320924 -1.1008644 2.6758324
v 3.7334296 -1.2368931 2.6821122
v 3.7390696 -1.3734789 2.6883796
v 3.7489796 -1.5108662 2.694544
v 3.7629652 -1.6461142 2.7003612
v 3.7817328 -1.7832014 2.705889
v 3.8050256 -1.9166362 2.7105064
v 3.8346016 -2.0513402 2.714478
v 3.870047 -2.1813844 2.7169556
v 3.9138412 -2.3114992 2.718482
v 3.9657164 -2.4374496 2.718462
v 4.026216 -2.5582398 2.717222
v 4.0967972 -2.6751176 2.7147184
v 4.176148 -2.7852998 2.7111278
v 4.263986 -2.8889978 2.7067696
v 4.359409 -2.985948 2.7018564
v 4.461938 -3.075339 2.6965124
v 4.571396 -3.156329 2.6908252
v 4.687242 -3.2279464 2.6848504
v 4.808356 -3.289215 2.678667
v 4.934636 -3.339977 2.672319
v 5.064893 -3.3797936 2.6658838
v 5.198023 -3.408538 2.6594296
v 5.33375 -3.4257628 2.6530276
v 5.470238 -3.4298824 2.6468576
v 5.606407 -3.418587 2.6411204
v 5.738564 -3.3889104 2.6361436
v 5.864527 -3.3365902 2.632266
v 5.97498 -3.2603736 2.6300998
v 6.066082 -3.1579276 2.630167
v 3.7719056 -0.5918453 2.791647
v 3.756231 -0.7231544 2.797096
v 3.7454656 -0.8610616 2.803376
v 3.7397004 -0.9949258 2.809802
v 3.7380404 -1.1320139 2.8165556
v 3.7403204 -1.2671984 2.8232556
v 3.7464048 -1.4026758 2.8298898
v 3.7564204 -1.5389868 2.8363598
v 3.7702924 -1.672949 2.8423848
v 3.7889556 -1.8092952 2.8480064
v 3.8120512 -1.9409788 2.8527276
v 3.8419564 -2.0754402 2.856533
v 3.877597 -2.2032956 2.8590148
v 3.9224328 -2.333038 2.8602656
v 3.9751716 -2.45709 2.8601378
v 4.0368864 -2.5764404 2.8586848
v 4.1087724 -2.6918696 2.8559712
v 4.1890596 -2.8003088 2.8522472
v 4.27759 -2.9025998 2.8477744
v 4.373256 -2.9983576 2.842827
v 4.475668 -3.0867128 2.8375038
v 4.5847844 -3.166956 2.8318584
v 4.700062 -3.238132 2.8259678
v 4.8202796 -3.299231 2.8199364
v 4.9457184 -3.3502548 2.8137888
v 5.0751476 -3.3906628 2.807617
v 5.207212 -3.4202124 2.801515
v 5.3421724 -3.4383548 2.7955256
v 5.4777776 -3.4431652 2.789832
v 5.613235 -3.4320536 2.7845724
v 5.7441944 -3.401865 2.7800504
v 5.8686224 -3.348145 2.7765156
v 5.976782 -3.270088 2.774428
v 6.065598 -3.1659484 2.7739998
v 3.8148936 -0.3442607 1.1144309
v 3.796372 -0.48045684 1.1068081
v 3.7818788 -0.61855504 1.1025585
v 3.7713472 -0.7571494 1.1012651
v 3.7646096 -0.8956453 1.1024804
v 3.7615124 -1.0340782 1.1057949
v 3.7619956 -1.1735905 1.1108879
v 3.766025 -1.3113165 1.1172972
v 3.7737796 -1.450733 1.1248371
v 3.7852624 -1.5886176 1.132976
v 3.8007624 -1.7259402 1.1413574
v 3.8209396 -1.8642204 1.1495898
v 3.8456252 -1.998507 1.1567782
v 3.876988 -2.1352584 1.1626931
v 3.9144296 -2.2669138 1.1668472
v 3.96039 -2.397728 1.1693105
v 4.0156904 -2.52492 1.1699325
v 4.0803988 -2.64509 1.1687344
v 4.157828 -2.760703 1.1657772
v 4.2464964 -2.8665944 1.1614
v 4.3461644 -2.9616212 1.1560882
v 4.456218 -3.045064 1.150124
v 4.5748596 -3.1158476 1.1433898
v 4.7000396 -3.1736502 1.1357555
v 4.8304764 -3.2190472 1.1270735
v 4.9650264 -3.2528 1.1172188
v 5.10042 -3.2754664 1.1062792
v 5.238132 -3.288515 1.0940455
v 5.376609 -3.2923504 1.0810876
v 5.5148524 -3.2867264 1.068318
v 5.653174 -3.2703496 1.056615
v 5.7882276 -3.241011 1.0474738
v 5.917026 -3.1944256 1.0430272
v 6.0333444 -3.1214676 1.0474728
v 3.8154588 -0.35478516 1.2550508
v 3.7919412 -0.4889067 1.2490244
v 3.7741784 -0.62701344 1.2458486
v 3.7620212 -0.7650475 1.2452684
v 3.7545024 -0.9041886 1.246875
v 3.751339 -1.0428672 1.250354
v 3.7522312 -1.1827072 1.2553936
v 3.757033 -1.321142 1.2615871
v 3.7657904 -1.4608019 1.2687431
v 3.7784488 -1.5990369 1.2764331
v 3.7953196 -1.7370978 1.2841811
v 3.8166956 -1.8748498 1.2918615
v 3.8429848 -2.0103024 1.2983228
v 3.8754824 -2.146163 1.3037359
v 3.914609 -2.2785452 1.3073121
v 3.96196 -2.408921 1.3093422
v 4.018715 -2.5356484 1.3096249
v 4.0851296 -2.655702 1.3081499
v 4.1637548 -2.770542 1.3050605
v 4.2533996 -2.8759844 1.3006289
v 4.3536956 -2.970995 1.2952986
v 4.4639756 -3.0547072 1.2893472
v 4.582669 -3.1260472 1.2826708
v 4.7079776 -3.184612 1.2751512
v 4.838471 -3.2307002 1.2666935
v 4.9730396 -3.2649622 1.257193
v 5.109011 -3.2879488 1.2467126
v 5.247066 -3.3008922 1.2351122
v 5.385979 -3.3041676 1.2228906
v 5.52448 -3.2974244 1.2108935
v 5.6627724 -3.279253 1.199924
v 5.7975804 -3.2472596 1.191361
v 5.9252124 -3.1972856 1.1872078
v 6.039215 -3.120841 1.1913184
v 3.8152288 -0.36730504 1.3962135
v 3.787707 -0.49952184 1.3910962
v 3.767322 -0.6375454 1.3885908
v 3.753897 -0.7750103 1.3885436
v 3.7458076 -0.9146495 1.3905019
v 3.7426712 -1.0534946 1.394218
v 3.743988 -1.1935722 1.3993631
v 3.7495236 -1.3326065 1.4055706
v 3.7592076 -1.4724306 1.4126288
v 3.7729528 -1.6109819 1.4201975
v 3.791075 -1.7496078 1.4276642
v 3.8135988 -1.886925 1.4351415
v 3.8413816 -2.0232582 1.441195
v 3.875038 -2.1583196 1.446372
v 3.9157956 -2.2911844 1.4495772
v 3.9645472 -2.421025 1.4513125
v 4.022766 -2.547182 1.4513258
v 4.0908236 -2.6669378 1.4495842
v 4.1706004 -2.7809202 1.446326
v 4.2611464 -2.8858212 1.441778
v 4.361989 -2.9806972 1.4363612
v 4.4724296 -3.064566 1.4303526
v 4.5910976 -3.1363562 1.4236564
v 4.7164184 -3.1955844 1.4161642
v 4.846866 -3.2423188 1.4078261
v 4.9813556 -3.2770952 1.3985549
v 5.1177296 -3.3004438 1.3883911
v 5.256008 -3.3133736 1.3772564
v 5.3952196 -3.316194 1.3655852
v 5.533875 -3.3084372 1.3541656
v 5.672022 -3.2885704 1.3437342
v 5.8064576 -3.2540164 1.3355632
v 5.932816 -3.2007812 1.3315436
v 6.0445056 -3.121005 1.3352198
v 3.814217 -0.38169556 1.5367769
v 3.7836688 -0.5122963 1.5329639
v 3.7612888 -0.6502045 1.531341
v 3.7469364 -0.7871149 1.5319214
v 3.7384836 -0.927113 1.5342681
v 3.7354712 -1.0660376 1.5382149
v 3.737241 -1.2062442 1.5434238
v 3.743486 -1.3457402 1.54956
v 3.754035 -1.4856094 1.5563948
v 3.768789 -1.6243931 1.5636626
v 3.7880488 -1.7633538 1.5706456
v 3.8116672 -1.9002718 1.577667
v 3.840817 -2.037141 1.5831025
v 3.8756328 -2.1714584 1.5878165
v 3.9179316 -2.3045228 1.590503
v 3.9680564 -2.4337236 1.5918315
v 4.0277064 -2.559211 1.5915185
v 4.0973088 -2.6785012 1.5895185
v 4.1781696 -2.7915722 1.586131
v 4.269531 -2.8958622 1.5815335
v 4.370836 -2.9905036 1.5761085
v 4.4813776 -3.074427 1.5701215
v 4.59996 -3.1465652 1.5634912
v 4.725191 -3.2063644 1.5561238
v 4.8555056 -3.253704 1.5480064
v 4.9898344 -3.289011 1.5390705
v 5.1264524 -3.3127796 1.5293398
v 5.264853 -3.3258096 1.5187862
v 5.4042424 -3.328312 1.5077875
v 5.542974 -3.31968 1.497064
v 5.680876 -3.2982516 1.4872876
v 5.8148344 -3.2612612 1.4796198
v 5.93983 -3.2049064 1.4758242
v 6.0492156 -3.1219596 1.4791169
v 3.8124328 -0.39797804 1.6772912
v 3.7798276 -0.5272299 1.6746494
v 3.7560924 -0.6649993 1.673949
v 3.7411684 -0.8013787 1.675218
v 3.732563 -0.9415974 1.6779862
v 3.7297724 -1.0805109 1.6821612
v 3.732014 -1.22073 1.6874138
v 3.7389316 -1.360544 1.6934592
v 3.7502688 -1.5003389 1.7000776
v 3.7659372 -1.6392795 1.7070856
v 3.7862064 -1.7783648 1.7136784
v 3.810856 -1.9149416 1.720368
v 3.841252 -2.0520438 1.725339
v 3.8772336 -2.1856912 1.729732
v 3.9210036 -2.318708 1.7320264
v 3.972495 -2.4471778 1.7330372
v 4.0335724 -2.5718976 1.7324452
v 4.104645 -2.6905556 1.7301956
v 4.1865424 -2.802645 1.726656
v 4.2786424 -2.906243 1.721971
v 4.380334 -3.0005424 1.7164962
v 4.490915 -3.0844156 1.710491
v 4.6093444 -3.1568004 1.7038844
v 4.734378 -3.2170752 1.6965964
v 4.8644656 -3.2649776 1.6886462
v 4.998547 -3.3008184 1.6799826
v 5.135243 -3.3250516 1.6706185
v 5.2736556 -3.3382764 1.6605719
v 5.413095 -3.3405756 1.6501726
v 5.551809 -3.3311876 1.6400798
v 5.68936 -3.308311 1.630908
v 5.8227244 -3.268997 1.623712
v 5.9462576 -3.2096612 1.6201264
v 6.053347 -3.1237036 1.6230302
v 3.8098844 -0.41613296 1.8177856
v 3.7761844 -0.5443176 1.8161284
v 3.7517484 -0.6819116 1.8161268
v 3.7366224 -0.8177725 1.8179476
v 3.7280836 -0.958067 1.8211064
v 3.725606 -1.096882 1.825575
v 3.7283296 -1.2370078 1.8309998
v 3.735869 -1.3770062 1.8371122
v 3.7479064 -1.516616 1.8436664
v 3.7643864 -1.6556382 1.8505302
v 3.7855348 -1.7946324 1.8568138
v 3.8111464 -1.930905 1.8631716
v 3.8426624 -2.0679216 1.8676768
v 3.8798076 -2.200946 1.8716788
v 3.9249724 -2.3336578 1.8735476
v 3.9778124 -2.461296 1.8741998
v 4.0403004 -2.5851516 1.873308
v 4.1127672 -2.70302 1.8708224
v 4.195649 -2.814068 1.8671516
v 4.288418 -2.9169052 1.8624132
v 4.3904236 -3.0107662 1.8569288
v 4.5009904 -3.0944924 1.8509424
v 4.619209 -3.167031 1.8443976
v 4.7439476 -3.2276944 1.83723
v 4.8737224 -3.27612 1.8294818
v 5.0074776 -3.3125078 1.8211196
v 5.144097 -3.3372556 1.8121468
v 5.2824176 -3.3507738 1.802614
v 5.4217844 -3.3529888 1.7928076
v 5.560391 -3.3429652 1.7833206
v 5.6974824 -3.3187562 1.7747138
v 5.830136 -3.277227 1.7679376
v 5.952104 -3.215045 1.7645012
v 6.0568996 -3.1262364 1.7669716
v 3.8066016 -0.43602524 1.9574978
v 3.7727412 -0.5635338 1.957241
v 3.7482484 -0.7010195 1.9583782
v 3.733285 -0.8364281 1.9610028
v 3.7250336 -0.97667 1.9646544
v 3.722966 -1.1152795 1.9693492
v 3.726187 -1.2551616 1.9747768
v 3.7343004 -1.3951564 1.9807252
v 3.7469456 -1.5344139 1.9869752
v 3.7641288 -1.6733915 1.9934632
v 3.7860144 -1.8120444 1.999282
v 3.8125076 -1.9480264 2.005176
v 3.8450076 -2.0846376 2.0091876
v 3.8833012 -2.2170882 2.01277
v 3.929775 -2.349251 2.0142382
v 3.98394 -2.475969 2.0145484
v 4.0478144 -2.5988752 2.0133696
v 4.1215936 -2.7158084 2.010661
v 4.205408 -2.825763 2.0068602
v 4.2987716 -2.9277752 2.0020704
v 4.4010196 -3.0211064 1.9965822
v 4.5115196 -3.1045936 1.9906226
v 4.629471 -3.1771912 1.9841502
v 4.753824 -3.2381564 1.9771194
v 4.883207 -3.287064 1.9695916
v 5.0165596 -3.324006 1.9615512
v 5.152954 -3.3493128 1.9530028
v 5.2910844 -3.3632236 1.9440244
v 5.430264 -3.3654784 1.93487
v 5.568684 -3.35495 1.9260682
v 5.705218 -3.32954 1.9181304
v 5.8370504 -3.285925 1.9119
v 5.95736 -3.2210498 1.9087394
v 6.059872 -3.1295562 1.9108594
v 3.802563 -0.45781404 2.0977264
v 3.7694924 -0.5849033 2.0982092
v 3.745613 -0.7222519 2.100068
v 3.7311964 -0.8572296 2.1033018
v 3.7234576 -0.9972742 2.1074012
v 3.7218904 -1.1355868 2.1124008
v 3.7256076 -1.2751122 2.1180028
v 3.7342312 -1.4149656 2.124029
v 3.7473828 -1.5537608 2.1302636
v 3.7651516 -1.692628 2.136694
v 3.7876336 -1.8307424 2.1423768
v 3.814937 -1.966492 2.148118
v 3.8483016 -2.1024138 2.151911
v 3.8877496 -2.234355 2.1552936
v 3.9354712 -2.3657336 2.1564902
v 3.990959 -2.4914352 2.1565098
v 4.056222 -2.6132936 2.155068
v 4.1312576 -2.729133 2.152147
v 4.215967 -2.8379248 2.1482078
v 4.309865 -2.9390338 2.1433516
v 4.412289 -3.031736 2.137842
v 4.5226684 -3.114887 2.1318864
v 4.64029 -3.1874502 2.1254304
v 4.764153 -3.248629 2.1184672
v 4.893054 -3.297978 2.1110748
v 5.0259176 -3.3354764 2.1032536
v 5.161928 -3.3613828 2.0950088
v 5.29976 -3.3757712 2.0864402
v 5.438622 -3.378166 2.0777742
v 5.576754 -3.367236 2.0694816
v 5.712614 -3.340725 2.0620316
v 5.8435004 -3.2951224 2.0561716
v 5.962041 -3.2276824 2.0531312
v 6.062266 -3.1336644 2.0548028
v 3.797836 -0.4811893 2.2366956
v 3.7664472 -0.6083594 2.2386502
v 3.74384 -0.7456806 2.241611
v 3.730355 -0.8803032 2.245587
v 3.7233596 -1.0200215 2.2501984
v 3.722385 -1.1579261 2.2554796
v 3.7265984 -1.296939 2.261173
v 3.7356644 -1.4364498 2.2671264
v 3.749209 -1.5745942 2.27312
v 3.7674336 -1.7131898 2.2791696
v 3.7903536 -1.8504804 2.2843752
v 3.8183624 -1.9859476 2.289499
v 3.8524424 -2.1208328 2.292738
v 3.8929996 -2.252257 2.295508
v 3.9418652 -2.3826096 2.2962748
v 3.998628 -2.5072132 2.2959288
v 4.065237 -2.6279528 2.294194
v 4.1414396 -2.7425804 2.2910836
v 4.226987 -2.8501804 2.2870416
v 4.3213516 -2.950344 2.2821772
v 4.4238904 -3.0423464 2.2767144
v 4.534108 -3.125084 2.270835
v 4.651364 -3.1975376 2.2645322
v 4.77467 -3.2588578 2.257803
v 4.9030304 -3.3086176 2.250723
v 5.0353524 -3.3466896 2.2433124
v 5.1708556 -3.373248 2.2355858
v 5.3083076 -3.3882188 2.227646
v 5.4467524 -3.3908872 2.2196982
v 5.5845276 -3.3796984 2.2121402
v 5.7196244 -3.3522276 2.2053978
v 5.8494604 -3.3047756 2.2001084
v 5.966139 -3.2349288 2.1973498
v 6.064084 -3.1385556 2.1986604
v 3.792381 -0.5063763 2.3759688
v 3.7635972 -0.6339413 2.3788642
v 3.742936 -0.7712699 2.3827128
v 3.7307776 -0.9055926 2.3873602
v 3.7247576 -1.0448491 2.3924868
v 3.7244656 -1.1822411 2.3980828
v 3.7291684 -1.3206011 2.4039416
v 3.7386012 -1.4595995 2.4099416
v 3.752422 -1.5969532 2.415867
v 3.770972 -1.7351852 2.4217658
v 3.7941796 -1.8714436 2.4267844
v 3.8228128 -2.0066742 2.4316076
v 3.857486 -2.1402498 2.4346064
v 3.8991528 -2.2712222 2.4370488
v 3.9491036 -2.400329 2.4375688
v 4.0071412 -2.5237464 2.4369552
v 4.0750972 -2.6432752 2.4349762
v 4.152416 -2.7565428 2.4316848
v 4.238768 -2.862883 2.4275158
v 4.33354 -2.962027 2.4226012
v 4.4361304 -3.0532324 2.417139
v 4.5461344 -3.135464 2.411287
v 4.662963 -3.2077162 2.4050544
v 4.785614 -3.2690922 2.3984624
v 4.9133456 -3.31922 2.3915836
v 5.0450436 -3.357865 2.3844556
v 5.179886 -3.38511 2.3771056
v 5.3168504 -3.400743 2.3696384
v 5.454752 -3.4037836 2.3622444
v 5.5920744 -3.392439 2.3552596
v 5.726293 -3.3641112 2.3490738
v 5.854954 -3.3149156 2.3442268
v 5.969662 -3.2427976 2.3416482
v 6.065325 -3.1442316 2.3425402
v 3.7862376 -0.5332136 2.5147736
v 3.760945 -0.6616072 2.5186676
v 3.7429036 -0.79902496 2.5233702
v 3.7324704 -0.9331128 2.5286364
v 3.727662 -1.0717744 2.5342842
v 3.7281412 -1.2085458 2.5402282
v 3.733322 -1.3461056 2.5463104
v 3.74304 -1.4844062 2.5524188
v 3.7570112 -1.6208032 2.5583172
v 3.7757456 -1.7585382 2.5640598
v 3.7990796 -1.8935112 2.5688784
v 3.828236 -2.0284864 2.5732924
v 3.863363 -2.1604416 2.5760044
v 3.906108 -2.290973 2.5779878
v 3.95706 -2.4186064 2.5782128
v 4.0163404 -2.5407498 2.5772732
v 4.0856188 -2.65899 2.5750238
v 4.1639848 -2.770775 2.5715744
v 4.2510996 -2.875816 2.5673096
v 4.346225 -2.9738896 2.562394
v 4.4488124 -3.0642256 2.5569888
v 4.558564 -3.1458752 2.551217
v 4.6749236 -3.217848 2.545111
v 4.796844 -3.2792078 2.5387188
v 4.923883 -3.3296704 2.5321018
v 5.0548924 -3.3688996 2.5253172
v 5.1889436 -3.396875 2.5184084
v 5.3253324 -3.413262 2.511469
v 5.4625824 -3.4167872 2.5046784
v 5.5993696 -3.4054076 2.498305
v 5.732607 -3.3763444 2.492705
v 5.859976 -3.3255244 2.488319
v 5.9726076 -3.2512816 2.485923
v 6.0659904 -3.15069 2.486389
v 3.7794276 -0.5616347 2.652967
v 3.7584924 -0.6913211 2.6579522
v 3.7437472 -0.828968 2.6636572
v 3.7354464 -0.9629199 2.669607
v 3.7320924 -1.1008644 2.6758324
v 3.7334296 -1.2368931 2.6821122
v 3.7390696 -1.3734789 2.6883796
v 3.7489796 -1.5108662 2.694544
v 3.7629652 -1.6461142 2.7003612
v 3.7817328 -1.7832014 2.705889
v 3.8050256 -1.9166362 2.7105064
v 3.8346016 -2.0513402 2.714478
v 3.870047 -2.1813844 2.7169556
v 3.9138412 -2.3114992 2.718482
v 3.9657164 -2.4374496 2.718462
v 4.026216 -2.5582398 2.717222
v 4.0967972 -2.6751176 2.7147184
v 4.176148 -2.7852998 2.7111278
v 4.263986 -2.8889978 2.7067696
v 4.359409 -2.985948 2.7018564
v 4.461938 -3.075339 2.6965124
v 4.571396 -3.156329 2.6908252
v 4.687242 -3.2279464 2.6848504
v 4.808356 -3.289215 2.678667
v 4.934636 -3.339977 2.672319
v 5.064893 -3.3797936 2.6658838
v 5.198023 -3.408538 2.6594296
v 5.33375 -3.4257628 2.6530276
v 5.470238 -3.4298824 2.6468576
v 5.606407 -3.418587 2.6411204
v 5.738564 -3.3889104 2.6361436
v 5.864527 -3.3365902 2.632266
v 5.97498 -3.2603736 2.6300998
v 6.066082 -3.1579276 2.630167
v 3.7719056 -0.5918453 2.791647
v 3.756231 -0.7231544 2.797096
v 3.7454656 -0.8610616 2.803376
v 3.7397004 -0.9949258 2.809802
v 3.7380404 -1.1320139 2.8165556
v 3.7403204 -1.2671984 2.8232556
v 3.7464048 -1.4026758 2.8298898
v 3.7564204 -1.5389868 2.8363598
v 3.7702924 -1.672949 2.8423848
v 3.7889556 -1.8092952 2.8480064
v 3.8120512 -1.9409788 2.8527276
v 3.8419564 -2.0754402 2.856533
v 3.877597 -2.2032956 2.8590148
v 3.9224328 -2.333038 2.8602656
v 3.9751716 -2.45709 2.8601378
v 4.0368864 -2.5764404 2.8586848
v 4.1087724 -2.6918696 2.8559712
v 4.1890596 -2.8003088 2.8522472
v 4.27759 -2.9025998 2.8477744
v 4.373256 -2.9983576 2.842827
v 4.475668 -3.0867128 2.8375038
v 4.5847844 -3.166956 2.8318584
v 4.700062 -3.238132 2.8259678
v 4.8202796 -3.299231 2.8199364
v 4.9457184 -3.3502548 2.8137888
v 5.0751476 -3.3906628 2.807617
v 5.207212 -3.4202124 2.801515
v 5.3421724 -3.4383548 2.7955256
v 5.4777776 -3.4431652 2.789832
v 5.613235 -3.4320536 2.7845724
v 5.7441944 -3.401865 2.7800504
v 5.8686224 -3.348145 2.7765156
v 5.976782 -3.270088 2.774428
v 6.065598 -3.1659484 2.7739998

vn  -0.9908861 0.13397236 0.014006765
vn  -0.9904578 0.13741952 -0.010464012
vn  -0.9938531 0.10328331 -0.039860388
vn  -0.9958794 0.07064759 -0.05686059
vn  -0.9970118 0.040599748 -0.06572126
vn  -0.9975208 0.011851919 -0.06936637
vn  -0.9974715 -0.015670468 -0.06932059
vn  -0.9968434 -0.04301055 -0.066732096
vn  -0.9955746 -0.070252272 -0.06241511
vn  -0.9934989 -0.09858392 -0.05693195
vn  -0.9903766 -0.1287815 -0.05068786
vn  -0.9858491 -0.16164665 -0.04440968
vn  -0.9790299 -0.20013238 -0.038048588
vn  -0.9692109 -0.244105 -0.032297762
vn  -0.9545389 -0.29689002 -0.026679828
vn  -0.9336485 -0.35754124 -0.021558598
vn  -0.904018 -0.4271618 -0.016864078
vn  -0.8627531 -0.5054613 -0.012886798
vn  -0.8087116 -0.58811076 -0.010547386
vn  -0.74077072 -0.671667 -0.011054839
vn  -0.6619104 -0.74941808 -0.015715795
vn  -0.5752353 -0.8176243 -0.02439014
vn  -0.48419256 -0.874229 -0.03579662
vn  -0.39296064 -0.9182845 -0.04832425
vn  -0.3050671 -0.9504151 -0.06037512
vn  -0.2232044 -0.9722126 -0.07058491
vn  -0.14787139 -0.9859139 -0.078153128
vn  -0.07883476 -0.9934582 -0.08261975
vn  -0.011174371 -0.9964214 -0.08378332
vn  0.06176496 -0.9947551 -0.081530072
vn  0.14724924 -0.9862201 -0.07541574
vn  0.2573733 -0.964135 -0.064828424
vn  0.41287024 -0.9094262 -0.049822044
vn  0.5447555 -0.8379422 -0.033082004
vn  -0.987129 0.15990795 0.002408783
vn  -0.988266 0.15159198 -0.018712274
vn  -0.9931274 0.1092101 -0.04208994
vn  -0.9959303 0.071108928 -0.055375744
vn  -0.9973603 0.037754624 -0.062022804
vn  -0.9979084 0.006586781 -0.06430566
vn  -0.9977278 -0.022606916 -0.06346843
vn  -0.9968528 -0.05119603 -0.06052847
vn  -0.9952582 -0.07943719 -0.0561308
vn  -0.9927799 -0.10867769 -0.05076872
vn  -0.9891949 -0.13956289 -0.04489578
vn  -0.9840631 -0.17350572 -0.03893118
vn  -0.976498 -0.21297656 -0.033058736
vn  -0.9655941 -0.25859064 -0.027543484
vn  -0.9495399 -0.31285956 -0.022200416
vn  -0.9267332 -0.375322 -0.017288816
vn  -0.8947344 -0.4464144 -0.012822235
vn  -0.8508664 -0.5252979 -0.009406144
vn  -0.7945507 -0.60714496 -0.0080184152
vn  -0.72569152 -0.6879485 -0.009919603
vn  -0.6471076 -0.76223176 -0.015954132
vn  -0.5611834 -0.8272964 -0.025571382
vn  -0.47118264 -0.8812412 -0.037428376
vn  -0.3809261 -0.9232539 -0.04997597
vn  -0.2936205 -0.9539265 -0.06173511
vn  -0.2119829 -0.9746566 -0.07146776
vn  -0.13640001 -0.9875368 -0.078524976
vn  -0.06600711 -0.9944064 -0.082454672
vn  0.0044164096 -0.9965368 -0.08303641
vn  0.08184146 -0.9934312 -0.07997555
vn  0.17401382 -0.982057 -0.072686728
vn  0.293641 -0.9539946 -0.060574956
vn  0.46209996 -0.88573 -0.04411467
vn  0.56553496 -0.82416656 -0.030324172
vn  -0.9811469 0.19321112 0.004482137
vn  -0.9843784 0.17555452 -0.013408842
vn  -0.9918566 0.12275875 -0.033920724
vn  -0.9959359 0.07748328 -0.04591034
vn  -0.9978626 0.039594784 -0.05198347
vn  -0.9985134 0.0051326876 -0.05426306
vn  -0.9982041 -0.026381816 -0.053781696
vn  -0.9970704 -0.0565893 -0.051458204
vn  -0.9951434 -0.08602501 -0.04784562
vn  -0.9922788 -0.1161911 -0.04339014
vn  -0.9883149 -0.1474983 -0.038439996
vn  -0.9827126 -0.18211718 -0.033300738
vn  -0.9747062 -0.22170622 -0.028181278
vn  -0.9631141 -0.26809122 -0.02320064
vn  -0.9463319 -0.32267424 -0.01836609
vn  -0.9225738 -0.38557224 -0.013839951
vn  -0.8895382 -0.4567562 -0.009784988
vn  -0.8450741 -0.5346055 -0.0068504872
vn  -0.7889734 -0.614399 -0.005917559
vn  -0.7217832 -0.6920715 -0.008130706
vn  -0.6457281 -0.7634353 -0.01419776
vn  -0.56224304 -0.82663328 -0.023669684
vn  -0.4740634 -0.8797804 -0.035359912
vn  -0.38469184 -0.9218038 -0.04785429
vn  -0.29719976 -0.952941 -0.05979705
vn  -0.2143538 -0.9742434 -0.07001499
vn  -0.13691582 -0.9875211 -0.077822096
vn  -0.063843124 -0.9945269 -0.082707304
vn  0.009949258 -0.9963911 -0.08429696
vn  0.09162598 -0.9923991 -0.08215172
vn  0.18913944 -0.9790397 -0.07554937
vn  0.3144958 -0.947115 -0.063760956
vn  0.48627896 -0.8725371 -0.047030476
vn  0.5893023 -0.8072391 -0.032980372
vn  -0.97558 0.2195379 0.006828424
vn  -0.9810138 0.19377602 -0.0079304496
vn  -0.9907989 0.1328897 -0.025649258
vn  -0.9959759 0.08192631 -0.036330664
vn  -0.9983074 0.040383548 -0.041852348
vn  -0.9990192 0.003256466 -0.04415863
vn  -0.9985731 -0.030145838 -0.04407918
vn  -0.9971942 -0.06167364 -0.04242481
vn  -0.9949574 -0.09212501 -0.039656816
vn  -0.9917384 -0.12307329 -0.036162244
vn  -0.9874062 -0.15489732 -0.03218408
vn  -0.9813447 -0.19021676 -0.027927544
vn  -0.9728642 -0.2301712 -0.02358948
vn  -0.9605591 -0.2774127 -0.019194562
vn  -0.9430207 -0.3324011 -0.014876294
vn  -0.918284 -0.39577636 -0.010750488
vn  -0.8842811 -0.46690156 -0.0070889472
vn  -0.8393249 -0.5436109 -0.004577862
vn  -0.7835681 -0.6212929 -0.004027145
vn  -0.7180564 -0.6959549 -0.006473588
vn  -0.6444014 -0.764585 -0.012517569
vn  -0.56325256 -0.8259969 -0.021807138
vn  -0.47688716 -0.8783332 -0.033306372
vn  -0.38850828 -0.9203095 -0.045733496
vn  -0.30105576 -0.9518506 -0.05784394
vn  -0.21728302 -0.9737001 -0.06852832
vn  -0.13823514 -0.9873962 -0.0770692
vn  -0.062639356 -0.9945878 -0.082894592
vn  0.014520551 -0.9962342 -0.08547928
vn  0.10054309 -0.9913609 -0.08422889
vn  0.20351678 -0.9759384 -0.07826222
vn  0.33457078 -0.9400072 -0.066700004
vn  0.5093863 -0.8591082 -0.04958168
vn  0.6117705 -0.79025056 -0.035226996
vn  -0.9710352 0.23876116 0.009138744
vn  -0.9784864 0.20629532 -0.0025426622
vn  -0.9900559 0.13959435 -0.017399158
vn  -0.996072 0.08442628 -0.026696564
vn  -0.9986931 0.040128344 -0.031655188
vn  -0.9994214 0.0009795203 -0.033998912
vn  -0.9988358 -0.03386759 -0.034355896
vn  -0.9972324 -0.066416004 -0.03341683
vn  -0.9947149 -0.09770751 -0.031550322
vn  -0.9911765 -0.12932274 -0.029069216
vn  -0.9864826 -0.16177085 -0.026114604
vn  -0.979964 -0.19786586 -0.022796856
vn  -0.9709581 -0.238472 -0.019270062
vn  -0.9578915 -0.28671116 -0.015505744
vn  -0.9395288 -0.34226956 -0.011708172
vn  -0.913743 -0.4062143 -0.007990134
vn  -0.8787818 -0.4772007 -0.0046980316
vn  -0.83337696 -0.55269924 -0.0025585536
vn  -0.7780359 -0.62821544 -0.002333124
vn  -0.7141699 -0.6999549 -0.004964969
vn  -0.6427661 -0.765984 -0.010963711
vn  -0.5638489 -0.8256344 -0.02005795
vn  -0.47930904 -0.877086 -0.0313524
vn  -0.39205796 -0.9189024 -0.0436915
vn  -0.30490436 -0.9507389 -0.05593618
vn  -0.220537 -0.9730712 -0.06704941
vn  -0.14016968 -0.9871841 -0.07628918
vn  -0.062249256 -0.9946015 -0.08302384
vn  0.018249204 -0.996078 -0.0865785
vn  0.10869126 -0.9903316 -0.08619484
vn  0.21723358 -0.9727684 -0.08081689
vn  0.3539413 -0.9326898 -0.06939278
vn  0.5314826 -0.8454852 -0.05177463
vn  0.6329937 -0.7732686 -0.03707677
vn  -0.9679611 0.2508556 0.011065822
vn  -0.9770374 0.2130538 0.0024726484
vn  -0.9897063 0.14280922 -0.009325109
vn  -0.9962372 0.0849691 -0.017074064
vn  -0.9990155 0.038859744 -0.021405078
vn  -0.999716 -0.0016442218 -0.02377261
vn  -0.9989946 -0.037484396 -0.024592352
vn  -0.9971947 -0.07075664 -0.024413944
vn  -0.9944328 -0.10271831 -0.023506548
vn  -0.9906119 -0.1349081 -0.022091172
vn  -0.9855651 -0.16808608 -0.020213468
vn  -0.978588 -0.2050501 -0.017888784
vn  -0.9690024 -0.24658258 -0.015208894
vn  -0.9551294 -0.2959406 -0.012120149
vn  -0.9358732 -0.3522257 -0.008853181
vn  -0.9089852 -0.4167911 -0.0055511076
vn  -0.8730897 -0.4875525 -0.002607242
vn  -0.827297 -0.5617641 -0.0007862603
vn  -0.7724646 -0.63505744 -0.0008244789
vn  -0.7102231 -0.7039675 -0.003590764
vn  -0.6409339 -0.7675371 -0.009516866
vn  -0.5641486 -0.82546824 -0.018399736
vn  -0.48143276 -0.8759874 -0.029473724
vn  -0.39542036 -0.9175528 -0.04170762
vn  -0.30879156 -0.9495922 -0.054062004
vn  -0.22412876 -0.9723509 -0.06557387
vn  -0.14270135 -0.9868834 -0.07548225
vn  -0.06263451 -0.9945709 -0.0830998
vn  0.021188644 -0.9959301 -0.08760194
vn  0.11613448 -0.9893225 -0.08805672
vn  0.23037262 -0.969538 -0.08321328
vn  0.37270424 -0.9251659 -0.071831848
vn  0.5526559 -0.83168344 -0.053611224
vn  0.6530166 -0.7563622 -0.038543824
vn  -0.9666566 0.2557808 0.012285961
vn  -0.9767944 0.21406962 0.006864905
vn  -0.9898056 0.14241594 -0.0016169799
vn  -0.996485 0.08342511 -0.007614532
vn  -0.9992712 0.036484484 -0.011213008
vn  -0.9998974 -0.004662393 -0.013548888
vn  -0.9990491 -0.041004276 -0.014818432
vn  -0.997089 -0.07467305 -0.015413438
vn  -0.9941261 -0.10711212 -0.015500019
vn  -0.9900658 -0.13978185 -0.015189589
vn  -0.9846788 -0.17377928 -0.014442299
vn  -0.9772438 -0.2117105 -0.013168664
vn  -0.9670238 -0.2544317 -0.011384262
vn  -0.9523044 -0.3050163 -0.009022629
vn  -0.9320832 -0.3621892 -0.006306455
vn  -0.9040551 -0.4274019 -0.003432722
vn  -0.867257 -0.4978598 -0.0008168331
vn  -0.8211519 -0.5707092 0.00073984592
vn  -0.7669406 -0.6417178 0.00050338724
vn  -0.706321 -0.7078879 -0.0023384828
vn  -0.6390455 -0.7691257 -0.008155587
vn  -0.564327 -0.8253803 -0.01679986
vn  -0.4834614 -0.8749297 -0.027628478
vn  -0.39880764 -0.9161734 -0.039733336
vn  -0.31292628 -0.9483434 -0.05217156
vn  -0.22825172 -0.9714928 -0.06405447
vn  -0.1460105 -0.986465 -0.07461604
vn  -0.063961544 -0.9944858 -0.08310875
vn  0.02318098 -0.9958014 -0.08855634
vn  0.12272582 -0.988366 -0.0898385
vn  0.24280524 -0.9663006 -0.08549249
vn  0.39076056 -0.9175078 -0.074066056
vn  0.5728403 -0.8178105 -0.05513532
vn  0.6718964 -0.73958248 -0.039662688
vn  -0.9672653 0.25346064 0.012471051
vn  -0.9778172 0.20920456 0.010347261
vn  -0.9903641 0.138375 0.005583661
vn  -0.9968072 0.07982743 0.001641583
vn  -0.9994524 0.03307388 -0.0010608918
vn  -0.9999626 -0.007989306 -0.00328739
vn  -0.9990036 -0.044348016 -0.004994715
vn  -0.9969245 -0.07810657 -0.0063880176
vn  -0.9938076 -0.11086006 -0.007517829
vn  -0.9895478 -0.14396138 -0.0083644024
vn  -0.9838264 -0.17890774 -0.008808538
vn  -0.9759186 -0.21796448 -0.008642311
vn  -0.964984 -0.2621931 -0.007796199
vn  -0.9493486 -0.31416348 -0.0061975344
vn  -0.9280411 -0.3724556 -0.004041389
vn  -0.8987915 -0.43837344 -0.0015926124
vn  -0.8610663 -0.5084924 0.0007182532
vn  -0.8146731 -0.57991676 0.002056334
vn  -0.7611547 -0.6485684 0.001668886
vn  -0.7021126 -0.7120649 -0.0012228038
vn  -0.6367065 -0.77107504 -0.006930881
vn  -0.56395124 -0.8256656 -0.015339549
vn  -0.4849346 -0.8741662 -0.025917744
vn  -0.4017563 -0.9149628 -0.037878596
vn  -0.31685484 -0.9471356 -0.050369624
vn  -0.23248772 -0.9705838 -0.062581896
vn  -0.14971998 -0.9859735 -0.073757192
vn  -0.06588736 -0.9943621 -0.08308468
vn  0.024541572 -0.9956894 -0.08944551
vn  0.1287551 -0.9874441 -0.09152124
vn  0.2548094 -0.9630139 -0.08761564
vn  0.40835656 -0.9096489 -0.07605093
vn  0.59222976 -0.8037985 -0.05632115
vn  0.68969248 -0.72297272 -0.040433376
vn  -0.9697543 0.24382196 0.011281739
vn  -0.9800245 0.1984741 0.012646691
vn  -0.9913697 0.13053865 0.012064618
vn  -0.9972003 0.074030928 0.010529548
vn  -0.999553 0.028533676 0.008935376
vn  -0.9999078 -0.011660705 0.0069446424
vn  -0.9988593 -0.047505696 0.00485557
vn  -0.9967095 -0.08101155 0.002677063
vn  -0.9934938 -0.11388559 0.0004834656
vn  -0.9890832 -0.14734925 -0.001553393
vn  -0.9830462 -0.18332898 -0.0032498504
vn  -0.9746649 -0.2236296 -0.0042554996
vn  -0.962963 -0.2695972 -0.0044187776
vn  -0.9463824 -0.32302822 -0.0036439512
vn  -0.9239178 -0.38258576 -0.0020883798
vn  -0.8934431 -0.4491765 -0.00007934695
vn  -0.8548399 -0.51888824 0.0019440368
vn  -0.8082569 -0.5888219 0.0031231878
vn  -0.7555647 -0.6550687 0.0026618748
vn  -0.69810976 -0.7159907 -0.00021635402
vn  -0.6344981 -0.7729028 -0.005770279
vn  -0.5636616 -0.82588872 -0.013906122
vn  -0.48652404 -0.8733319 -0.024201988
vn  -0.4049252 -0.9136412 -0.035991284
vn  -0.32118824 -0.945772 -0.04851038
vn  -0.2373799 -0.9694978 -0.061031124
vn  -0.15429736 -0.9853376 -0.072814576
vn  -0.0688189 -0.9941719 -0.082981728
vn  0.024907584 -0.9956056 -0.09027084
vn  0.1339106 -0.9866068 -0.09313996
vn  0.26613284 -0.9597594 -0.0896397
vn  0.4253147 -0.9016912 -0.07784946
vn  0.6107207 -0.78977576 -0.05722315
vn  0.7064566 -0.7065738 -0.040893688
vn  -0.9739044 0.2268031 0.008407022
vn  -0.9832584 0.18171726 0.01348224
vn  -0.9927589 0.11882158 0.017646288
vn  -0.9976388 0.066010556 0.01895825
vn  -0.9995624 0.022877684 0.01874817
vn  -0.9997306 -0.015632588 0.017156298
vn  -0.9986189 -0.050426096 0.01475625
vn  -0.9964508 -0.083346176 0.011804328
vn  -0.9931922 -0.11617554 0.008515272
vn  -0.988675 -0.14998045 0.005240589
vn  -0.9823304 -0.1871419 0.0022208656
vn  -0.9734532 -0.22888548 -0.000020072264
vn  -0.9608898 -0.2769285 -0.001250927
vn  -0.9432866 -0.3319769 -0.0013359194
vn  -0.9195131 -0.39305896 -0.0004007506
vn  -0.8877395 -0.4603444 0.001176675
vn  -0.8482226 -0.5296318 0.0029330448
vn  -0.8014775 -0.5980116 0.00399646
vn  -0.7497006 -0.6617679 0.0035059912
vn  -0.69379592 -0.7201714 0.0006633857
vn  -0.6318546 -0.7750724 -0.0047373624
vn  -0.56285996 -0.8264562 -0.012604795
vn  -0.48761796 -0.8727644 -0.022609056
vn  -0.40772096 -0.9124656 -0.03420775
vn  -0.32537536 -0.9444298 -0.046724644
vn  -0.24244124 -0.9683391 -0.05951209
vn  -0.1593253 -0.9846069 -0.07186746
vn  -0.07239932 -0.9939291 -0.082845
vn  0.024594284 -0.9955432 -0.09104194
vn  0.1384699 -0.9858306 -0.09467905
vn  0.27702198 -0.9564934 -0.09153718
vn  0.44184156 -0.8935696 -0.07943139
vn  0.6284701 -0.77568152 -0.0578227
vn  0.72225824 -0.6904044 -0.04104692
vn  -0.9793075 0.20234652 0.003550044
vn  -0.9872132 0.15890699 0.012580878
vn  -0.9944245 0.10310518 0.022118304
vn  -0.9980897 0.05567419 0.026788
vn  -0.9994703 0.016063845 0.028303184
vn  -0.9994286 -0.019892258 0.0273248
vn  -0.9982852 -0.05306215 0.02471753
vn  -0.9961555 -0.08504181 0.02102566
vn  -0.9929159 -0.11765086 0.016623811
vn  -0.9883418 -0.1517724 0.01207203
vn  -0.9817061 -0.19024908 0.007654145
vn  -0.9723186 -0.23362296 0.0041078744
vn  -0.9588136 -0.28403064 0.0017285288
vn  -0.9401322 -0.34080904 0.00073169872
vn  -0.9149228 -0.40362776 0.0010022476
vn  -0.8818256 -0.4715709 0.0021448898
vn  -0.8414005 -0.5403998 0.0036502504
vn  -0.79456424 -0.6071621 0.004650411
vn  -0.7438241 -0.6683624 0.004198023
vn  -0.6894599 -0.72432256 0.0014339675
vn  -0.6291055 -0.77731072 -0.003793258
vn  -0.561899 -0.82712776 -0.011369718
vn  -0.48857976 -0.8722649 -0.021060836
vn  -0.4104953 -0.9112853 -0.032446856
vn  -0.3297302 -0.9430053 -0.044934656
vn  -0.24793924 -0.9670402 -0.05795885
vn  -0.165025 -0.9837398 -0.07087164
vn  -0.076804824 -0.9936145 -0.082651408
vn  0.023461704 -0.9955049 -0.09175701
vn  0.14232836 -0.985138 -0.09615478
vn  0.28742216 -0.9532462 -0.09332868
vn  0.45793044 -0.8853072 -0.080813176
vn  0.64549404 -0.7615489 -0.058142924
vn  0.737146 -0.67449344 -0.040918236
vn  -0.9853461 0.17052948 -0.003592278
vn  -0.9914631 0.13003081 0.009629816
vn  -0.9962047 0.08329688 0.025256798
vn  -0.9985034 0.042935976 0.03387442
vn  -0.9992636 0.008041641 0.03751811
vn  -0.9990008 -0.02444111 0.037418496
vn  -0.9978606 -0.05538305 0.034743496
vn  -0.9958281 -0.08604834 0.030369062
vn  -0.9926719 -0.11825886 0.024847312
vn  -0.9880936 -0.15267944 0.018981544
vn  -0.9811859 -0.19262152 0.013082415
vn  -0.9712714 -0.23783512 0.008153297
vn  -0.9567369 -0.29091902 0.0045341756
vn  -0.9369147 -0.3495488 0.0025712716
vn  -0.910117 -0.4143461 0.0021251022
vn  -0.8756688 -0.4829039 0.0028357002
vn  -0.8343256 -0.5512568 0.0041034788
vn  -0.787461 -0.6163434 0.0050911424
vn  -0.7378819 -0.6749134 0.0047413656
vn  -0.6850536 -0.7284897 0.0020929364
vn  -0.6262043 -0.77965344 -0.0029408936
vn  -0.56074744 -0.8279239 -0.010210491
vn  -0.48939176 -0.8718445 -0.019566014
vn  -0.41324124 -0.9101036 -0.030708988
vn  -0.33425962 -0.9414934 -0.04313461
vn  -0.25389896 -0.9655874 -0.05636097
vn  -0.1714408 -0.9827179 -0.06981256
vn  -0.08209738 -0.993213 -0.08238859
vn  0.021429884 -0.99549 -0.09241519
vn  0.1454056 -0.9845489 -0.09757431
vn  0.29727112 -0.9500522 -0.09503071
vn  0.4735458 -0.876942 -0.0820192
vn  0.6617891 -0.7474269 -0.0582082
vn  0.7511869 -0.6588443 -0.040527204
vn  -0.9903184 0.13875972 -0.0038862036
vn  -0.9947053 0.10140205 0.016705282
vn  -0.9975109 0.062540896 0.03256731
vn  -0.9987708 0.028250612 0.040728756
vn  -0.9990351 -0.0026789922 0.04383809
vn  -0.9985558 -0.032281952 0.04294459
vn  -0.9973259 -0.06155171 0.039400364
vn  -0.995228 -0.09141758 0.034119372
vn  -0.9919247 -0.12374829 0.02778034
vn  -0.9870262 -0.15915565 0.021183004
vn  -0.9794165 -0.20130524 0.014818424
vn  -0.9684376 -0.24906844 0.009675918
vn  -0.9522832 -0.30515304 0.006173832
vn  -0.9305189 -0.36621824 0.0043391476
vn  -0.9013605 -0.43304904 0.0042112204
vn  -0.8647348 -0.5022032 0.005044007
vn  -0.82177928 -0.56977104 0.006305694
vn  -0.77451944 -0.6325113 0.007004516
vn  -0.7256011 -0.6880891 0.00602592
vn  -0.6728835 -0.7397437 0.0026499028
vn  -0.61391256 -0.7893684 -0.0029487216
vn  -0.54857244 -0.8360343 -0.010734311
vn  -0.47769356 -0.8782852 -0.020590982
vn  -0.40227128 -0.9149532 -0.032221696
vn  -0.32418964 -0.9449149 -0.04513279
vn  -0.24482102 -0.9677811 -0.05884326
vn  -0.16192762 -0.984122 -0.072685248
vn  -0.069806152 -0.9939082 -0.08528462
vn  0.039141964 -0.9947394 -0.09466485
vn  0.17097582 -0.9803592 -0.098302
vn  0.33238528 -0.9385438 -0.09303366
vn  0.5156515 -0.8533789 -0.07647205
vn  0.7016624 -0.71075192 -0.05001891
vn  0.76035872 -0.64863276 -0.03361769
vn  0.9908861 -0.13397236 -0.01400676
vn  0.9904578 -0.13741952 0.010464041
vn  0.9938531 -0.10328331 0.03986035
vn  0.9958794 -0.07064759 0.05686059
vn  0.9970118 -0.040599748 0.06572126
vn  0.9975208 -0.011851919 0.06936637
vn  0.9974715 0.01567047 0.06932059
vn  0.9968434 0.04301056 0.06673206
vn  0.9955746 0.07025226 0.06241511
vn  0.9934989 0.09858392 0.056931996
vn  0.9903766 0.1287815 0.05068789
vn  0.9858491 0.16164665 0.044409644
vn  0.9790299 0.20013238 0.038048556
vn  0.9692109 0.24410498 0.032297762
vn  0.9545389 0.29689 0.02667986
vn  0.9336485 0.35754124 0.021558572
vn  0.904018 0.4271618 0.016864052
vn  0.8627531 0.5054613 0.012886798
vn  0.8087116 0.58811076 0.010547388
vn  0.7407706 0.671667 0.011054788
vn  0.66191056 0.74941808 0.015715848
vn  0.5752351 0.8176244 0.024390116
vn  0.48419256 0.874229 0.035796628
vn  0.39296064 0.9182845 0.04832425
vn  0.3050671 0.9504151 0.06037512
vn  0.2232044 0.9722126 0.070584904
vn  0.14787139 0.9859139 0.078153128
vn  0.07883476 0.9934582 0.08261975
vn  0.011174368 0.9964214 0.0837833
vn  -0.06176496 0.9947551 0.08153009
vn  -0.14724924 0.9862201 0.07541574
vn  -0.2573733 0.964135 0.064828424
vn  -0.41287024 0.9094262 0.049822016
vn  -0.5447555 0.8379422 0.033082004
vn  0.987129 -0.15990799 -0.002408755
vn  0.988266 -0.15159198 0.018712274
vn  0.9931274 -0.1092101 0.042089904
vn  0.9959303 -0.071108928 0.055375744
vn  0.9973603 -0.037754624 0.062022804
vn  0.9979084 -0.006586781 0.06430569
vn  0.9977278 0.022606916 0.06346843
vn  0.9968528 0.05119604 0.06052843
vn  0.9952582 0.0794372 0.0561308
vn  0.9927799 0.10867768 0.05076872
vn  0.9891949 0.13956289 0.04489572
vn  0.9840631 0.17350572 0.03893118
vn  0.976498 0.21297656 0.033058736
vn  0.9655941 0.25859064 0.027543484
vn  0.9495399 0.31285956 0.022200416
vn  0.9267332 0.375322 0.017288816
vn  0.8947344 0.4464144 0.012822235
vn  0.8508666 0.5252979 0.009406166
vn  0.7945507 0.60714496 0.0080184152
vn  0.72569152 0.6879485 0.009919603
vn  0.6471076 0.76223176 0.015954181
vn  0.5611834 0.8272964 0.025571382
vn  0.4711826 0.8812412 0.03742837
vn  0.38092604 0.9232539 0.049975944
vn  0.2936205 0.9539265 0.06173511
vn  0.2119829 0.9746566 0.07146776
vn  0.13640001 0.9875368 0.078524976
vn  0.06600711 0.9944064 0.082454672
vn  -0.0044164124 0.9965368 0.08303641
vn  -0.08184146 0.9934312 0.079975552
vn  -0.17401382 0.982057 0.072686728
vn  -0.293641 0.9539946 0.060574944
vn  -0.4621 0.88573 0.04411465
vn  -0.56553496 0.82416656 0.030324172
vn  0.9811469 -0.19321112 -0.004482137
vn  0.9843784 -0.17555452 0.013408814
vn  0.9918566 -0.12275876 0.0339207
vn  0.9959359 -0.07748328 0.04591036
vn  0.9978626 -0.039594788 0.051983456
vn  0.9985134 -0.0051326876 0.05426306
vn  0.9982041 0.026381816 0.053781696
vn  0.9970704 0.0565893 0.05145821
vn  0.9951434 0.08602501 0.04784562
vn  0.9922788 0.11619111 0.04339008
vn  0.9883149 0.1474983 0.038439996
vn  0.9827126 0.18211718 0.033300736
vn  0.9747062 0.22170622 0.028181248
vn  0.9631141 0.26809122 0.02320064
vn  0.9463319 0.32267424 0.01836609
vn  0.9225738 0.38557224 0.013839951
vn  0.8895382 0.4567562 0.009784988
vn  0.8450741 0.5346055 0.0068504872
vn  0.7889734 0.614399 0.005917559
vn  0.7217832 0.6920715 0.008130706
vn  0.6457281 0.7634353 0.014197772
vn  0.56224304 0.82663328 0.023669684
vn  0.4740633 0.8797805 0.035359876
vn  0.38469184 0.9218038 0.04785428
vn  0.29719976 0.952941 0.05979704
vn  0.2143538 0.9742434 0.07001499
vn  0.13691582 0.9875211 0.077822096
vn  0.063843124 0.9945269 0.082707328
vn  -0.009949261 0.9963911 0.08429696
vn  -0.09162599 0.9923991 0.08215174
vn  -0.18913944 0.9790397 0.07554937
vn  -0.3144958 0.947115 0.063760944
vn  -0.4862789 0.8725371 0.04703049
vn  -0.5893023 0.8072391 0.032980372
vn  0.97558 -0.2195379 -0.006828424
vn  0.9810138 -0.19377602 0.007930406
vn  0.9907989 -0.1328897 0.025649258
vn  0.9959759 -0.0819263 0.036330664
vn  0.9983074 -0.040383548 0.04185236
vn  0.9990192 -0.003256467 0.04415863
vn  0.9985731 0.030145838 0.04407918
vn  0.9971942 0.06167364 0.042424776
vn  0.9949574 0.09212501 0.039656816
vn  0.9917384 0.12307329 0.036162244
vn  0.9874062 0.15489732 0.03218408
vn  0.9813447 0.19021676 0.027927544
vn  0.9728642 0.2301712 0.023589456
vn  0.9605591 0.2774127 0.019194562
vn  0.9430207 0.3324011 0.014876294
vn  0.918284 0.39577636 0.010750458
vn  0.8842811 0.46690156 0.0070889472
vn  0.839325 0.54361076 0.0045779044
vn  0.783568 0.6212929 0.004027117
vn  0.7180563 0.6959549 0.006473565
vn  0.6444014 0.764585 0.012517569
vn  0.56325256 0.8259969 0.021807138
vn  0.47688716 0.8783332 0.03330636
vn  0.38850828 0.9203095 0.045733496
vn  0.30105576 0.9518506 0.05784394
vn  0.21728302 0.9737001 0.06852832
vn  0.13823514 0.9873962 0.0770692
vn  0.062639356 0.9945878 0.082894592
vn  -0.014520556 0.9962342 0.08547929
vn  -0.10054312 0.9913609 0.08422891
vn  -0.20351678 0.9759384 0.07826224
vn  -0.33457078 0.9400072 0.066700004
vn  -0.5093864 0.8591082 0.04958168
vn  -0.6117705 0.79025056 0.035226996
vn  0.9710352 -0.23876116 -0.0091388
vn  0.9784864 -0.20629536 0.002542585
vn  0.9900559 -0.13959436 0.017399152
vn  0.996072 -0.08442626 0.026696564
vn  0.9986931 -0.040128344 0.031655188
vn  0.9994214 -0.0009795212 0.033998936
vn  0.9988358 0.03386759 0.034355896
vn  0.9972324 0.066416004 0.03341683
vn  0.9947149 0.09770751 0.031550322
vn  0.9911765 0.12932274 0.029069216
vn  0.9864826 0.16177085 0.026114604
vn  0.979964 0.19786584 0.022796882
vn  0.9709581 0.238472 0.019270062
vn  0.9578915 0.28671116 0.015505744
vn  0.9395288 0.34226956 0.011708172
vn  0.913743 0.4062143 0.007990134
vn  0.8787818 0.4772007 0.0046980316
vn  0.83337672 0.55269924 0.002558553
vn  0.7780359 0.62821544 0.002333124
vn  0.7141699 0.699955 0.004964969
vn  0.6427661 0.765984 0.010963731
vn  0.5638489 0.8256344 0.02005795
vn  0.47930896 0.877086 0.031352388
vn  0.39205796 0.9189024 0.0436915
vn  0.30490436 0.9507389 0.05593618
vn  0.220537 0.9730712 0.06704941
vn  0.14016965 0.9871841 0.07628918
vn  0.062249256 0.9946015 0.08302384
vn  -0.018249204 0.9960778 0.08657851
vn  -0.10869126 0.9903316 0.08619484
vn  -0.21723358 0.9727684 0.08081689
vn  -0.3539413 0.9326898 0.069392776
vn  -0.5314826 0.8454852 0.05177462
vn  -0.6329937 0.7732687 0.03707675
vn  0.9679611 -0.2508556 -0.011065851
vn  0.9770374 -0.21305376 -0.002472664
vn  0.9897063 -0.1428092 0.009325138
vn  0.9962372 -0.0849691 0.017074064
vn  0.9990155 -0.038859748 0.021405112
vn  0.999716 0.0016442212 0.02377261
vn  0.9989946 0.037484396 0.024592352
vn  0.9971947 0.07075664 0.024413944
vn  0.9944328 0.10271831 0.023506548
vn  0.9906119 0.13490806 0.02209124
vn  0.9855651 0.16808608 0.02021344
vn  0.978588 0.2050501 0.017888784
vn  0.9690024 0.24658262 0.015208894
vn  0.9551294 0.2959406 0.012120149
vn  0.9358732 0.35222564 0.008853181
vn  0.9089852 0.4167911 0.0055511076
vn  0.8730897 0.4875525 0.002607242
vn  0.827297 0.5617641 0.0007862603
vn  0.7724645 0.63505744 0.00082450656
vn  0.7102231 0.70396752 0.003590764
vn  0.6409339 0.7675371 0.009516866
vn  0.5641486 0.82546824 0.01839975
vn  0.48143276 0.8759874 0.029473724
vn  0.39542036 0.9175528 0.04170762
vn  0.30879156 0.9495922 0.054062004
vn  0.22412876 0.9723509 0.06557386
vn  0.14270135 0.9868834 0.07548225
vn  0.062634524 0.9945709 0.08309978
vn  -0.021188644 0.9959301 0.08760194
vn  -0.11613448 0.9893225 0.08805672
vn  -0.23037262 0.969538 0.08321328
vn  -0.37270424 0.9251659 0.071831848
vn  -0.5526559 0.83168344 0.053611224
vn  -0.6530166 0.7563622 0.038543824
vn  0.9666566 -0.2557808 -0.012285961
vn  0.9767944 -0.2140696 -0.00686493
vn  0.9898056 -0.14241594 0.0016170012
vn  0.996485 -0.08342511 0.0076145128
vn  0.9992712 -0.036484484 0.011213008
vn  0.9998974 0.0046623924 0.013548802
vn  0.9990491 0.041004288 0.014818412
vn  0.997089 0.07467305 0.015413465
vn  0.9941261 0.10711212 0.015500019
vn  0.9900658 0.13978185 0.015189589
vn  0.9846788 0.17377928 0.014442299
vn  0.9772438 0.2117105 0.013168664
vn  0.9670238 0.2544317 0.011384262
vn  0.9523044 0.3050163 0.009022629
vn  0.9320832 0.3621892 0.006306455
vn  0.9040551 0.4274019 0.0034327496
vn  0.867257 0.4978598 0.0008168053
vn  0.8211519 0.5707092 -0.000739818
vn  0.7669406 0.6417178 -0.00050337496
vn  0.706321 0.7078879 0.0023384828
vn  0.6390455 0.7691257 0.008155587
vn  0.564327 0.8253803 0.01679986
vn  0.4834614 0.8749295 0.027628498
vn  0.39880764 0.9161734 0.039733336
vn  0.31292638 0.9483434 0.05217156
vn  0.22825172 0.9714928 0.06405445
vn  0.14601052 0.986465 0.07461604
vn  0.063961544 0.9944858 0.08310875
vn  -0.02318098 0.9958014 0.08855634
vn  -0.12272582 0.988366 0.0898385
vn  -0.2428052 0.9663006 0.08549249
vn  -0.3907605 0.9175078 0.07406607
vn  -0.5728403 0.8178105 0.05513532
vn  -0.6718964 0.73958248 0.039662688
vn  0.9672653 -0.25346064 -0.01247108
vn  0.9778172 -0.20920456 -0.010347261
vn  0.9903641 -0.138375 -0.005583661
vn  0.9968072 -0.07982743 -0.001641555
vn  0.9994524 -0.03307388 0.0010608918
vn  0.9999626 0.007989306 0.0032874048
vn  0.9990036 0.044348004 0.004994742
vn  0.9969245 0.07810657 0.0063880176
vn  0.9938076 0.11086006 0.007517829
vn  0.9895478 0.14396138 0.0083644024
vn  0.9838264 0.17890774 0.008808538
vn  0.9759186 0.21796448 0.008642311
vn  0.964984 0.2621931 0.007796199
vn  0.9493486 0.31416348 0.0061975056
vn  0.9280411 0.3724556 0.004041389
vn  0.8987915 0.43837344 0.0015926124
vn  0.8610663 0.50849224 -0.000718281
vn  0.8146731 0.57991676 -0.002056334
vn  0.7611547 0.6485684 -0.001668886
vn  0.70211256 0.71206496 0.0012228319
vn  0.63670656 0.77107504 0.006930862
vn  0.56395124 0.8256656 0.015339549
vn  0.4849346 0.8741662 0.025917758
vn  0.4017563 0.9149628 0.0378786
vn  0.31685484 0.9471356 0.050369624
vn  0.23248778 0.9705838 0.062581896
vn  0.14971998 0.9859735 0.073757192
vn  0.06588736 0.9943621 0.08308468
vn  -0.024541572 0.9956894 0.08944551
vn  -0.1287551 0.9874441 0.09152125
vn  -0.2548094 0.9630139 0.08761564
vn  -0.40835656 0.9096489 0.07605093
vn  -0.59222976 0.8037985 0.05632115
vn  -0.68969248 0.72297272 0.04043332
vn  0.9697543 -0.24382196 -0.011281772
vn  0.9800245 -0.1984741 -0.012646691
vn  0.9913697 -0.13053865 -0.012064618
vn  0.9972003 -0.074030928 -0.010529572
vn  0.999553 -0.02853368 -0.008935321
vn  0.9999078 0.011660705 -0.0069446424
vn  0.9988593 0.04750569 -0.0048555204
vn  0.9967095 0.08101153 -0.0026770138
vn  0.9934938 0.1138856 -0.0004834934
vn  0.9890832 0.14734926 0.001553393
vn  0.9830462 0.18332898 0.0032498504
vn  0.9746649 0.2236296 0.0042554996
vn  0.962963 0.2695972 0.0044187776
vn  0.9463824 0.32302812 0.0036439724
vn  0.9239178 0.3825857 0.0020884078
vn  0.893443 0.4491765 0.000079340728
vn  0.8548399 0.51888824 -0.0019440368
vn  0.8082569 0.5888219 -0.0031231662
vn  0.7555647 0.6550687 -0.002661902
vn  0.69810976 0.7159907 0.0002163478
vn  0.6344981 0.7729028 0.005770279
vn  0.5636616 0.82588872 0.013906122
vn  0.48652404 0.8733319 0.024202016
vn  0.4049252 0.9136412 0.035991284
vn  0.32118824 0.945772 0.04851038
vn  0.2373799 0.9694978 0.061031124
vn  0.15429735 0.9853376 0.07281456
vn  0.0688189 0.9941719 0.082981728
vn  -0.024907588 0.9956056 0.09027084
vn  -0.1339106 0.9866068 0.09313996
vn  -0.26613284 0.9597594 0.0896397
vn  -0.4253147 0.9016912 0.07784946
vn  -0.6107207 0.78977576 0.05722315
vn  -0.7064566 0.7065738 0.040893688
vn  0.9739044 -0.2268031 -0.008407022
vn  0.9832584 -0.18171722 -0.013482215
vn  0.9927589 -0.11882158 -0.017646288
vn  0.9976388 -0.066010556 -0.01895825
vn  0.9995624 -0.022877678 -0.01874817
vn  0.9997306 0.015632588 -0.017156352
vn  0.9986189 0.050426096 -0.01475625
vn  0.9964508 0.083346176 -0.011804328
vn  0.9931922 0.11617552 -0.008515272
vn  0.988675 0.14998045 -0.005240545
vn  0.9823304 0.1871419 -0.0022208656
vn  0.9734532 0.22888548 0.000020072264
vn  0.9608898 0.27692856 0.001250927
vn  0.9432866 0.3319769 0.0013359412
vn  0.9195131 0.39305896 0.0004007506
vn  0.8877395 0.4603444 -0.001176675
vn  0.8482226 0.5296318 -0.0029330448
vn  0.8014775 0.5980115 -0.0039964876
vn  0.7497006 0.6617679 -0.0035059912
vn  0.69379592 0.7201714 -0.0006633919
vn  0.6318546 0.7750724 0.0047373624
vn  0.56285996 0.8264562 0.012604795
vn  0.48761796 0.8727644 0.022609056
vn  0.40772096 0.9124656 0.034207724
vn  0.32537536 0.9444298 0.046724644
vn  0.24244124 0.9683391 0.05951209
vn  0.1593253 0.9846069 0.07186746
vn  0.07239932 0.9939291 0.082845
vn  -0.024594284 0.9955432 0.09104194
vn  -0.13846992 0.9858306 0.09467902
vn  -0.27702198 0.9564934 0.09153718
vn  -0.4418416 0.8935696 0.07943139
vn  -0.62847024 0.77568152 0.0578227
vn  -0.72225824 0.6904044 0.04104695
vn  0.9793075 -0.20234652 -0.003550044
vn  0.9872132 -0.15890699 -0.012580822
vn  0.9944245 -0.10310518 -0.022118304
vn  0.9980897 -0.05567419 -0.026788
vn  0.9994703 -0.016063845 -0.028303184
vn  0.9994286 0.019892258 -0.027324828
vn  0.9982852 0.05306215 -0.02471753
vn  0.9961555 0.08504181 -0.02102566
vn  0.9929159 0.11765086 -0.016623811
vn  0.9883418 0.1517724 -0.01207203
vn  0.9817061 0.1902491 -0.0076541656
vn  0.9723186 0.23362296 -0.0041078744
vn  0.9588136 0.28403064 -0.0017285568
vn  0.9401322 0.34080904 -0.0007317205
vn  0.9149228 0.40362776 -0.0010022476
vn  0.8818256 0.4715709 -0.0021448898
vn  0.8414005 0.5403998 -0.0036502504
vn  0.7945644 0.6071621 -0.004650384
vn  0.7438241 0.6683624 -0.004198023
vn  0.6894599 0.72432256 -0.0014339952
vn  0.6291055 0.7773106 0.0037932236
vn  0.5618989 0.82712776 0.011369745
vn  0.4885799 0.8722649 0.02106083
vn  0.41049524 0.9112853 0.032446838
vn  0.32973024 0.9430053 0.04493467
vn  0.24793928 0.9670402 0.05795886
vn  0.165025 0.9837398 0.07087164
vn  0.076804824 0.9936145 0.082651408
vn  -0.02346171 0.9955049 0.09175701
vn  -0.14232838 0.985138 0.0961548
vn  -0.28742216 0.9532462 0.09332868
vn  -0.4579304 0.8853074 0.0808132
vn  -0.64549404 0.76154904 0.05814295
vn  -0.737146 0.67449344 0.040918236
vn  0.9853461 -0.17052948 0.003592278
vn  0.9914631 -0.13003081 -0.009629816
vn  0.9962047 -0.08329688 -0.025256798
vn  0.9985034 -0.04293598 -0.03387447
vn  0.9992636 -0.008041641 -0.03751811
vn  0.9990008 0.02444111 -0.037418496
vn  0.9978606 0.05538305 -0.034743496
vn  0.9958281 0.08604834 -0.030369062
vn  0.9926719 0.11825885 -0.024847262
vn  0.9880936 0.15267944 -0.018981544
vn  0.9811859 0.19262148 -0.013082415
vn  0.9712714 0.23783512 -0.008153297
vn  0.9567369 0.29091902 -0.0045341756
vn  0.9369147 0.34954876 -0.0025712376
vn  0.910117 0.4143461 -0.0021251022
vn  0.8756688 0.4829039 -0.0028357278
vn  0.8343255 0.5512568 -0.004103507
vn  0.787461 0.6163434 -0.0050911424
vn  0.7378819 0.6749132 -0.0047413376
vn  0.6850536 0.7284897 -0.0020929144
vn  0.6262043 0.77965344 0.0029409152
vn  0.56074744 0.8279239 0.010210478
vn  0.48939176 0.8718445 0.019566014
vn  0.41324124 0.9101036 0.030708988
vn  0.33425956 0.9414936 0.04313461
vn  0.25389898 0.9655874 0.056360976
vn  0.1714408 0.9827179 0.06981256
vn  0.08209735 0.993213 0.08238859
vn  -0.021429884 0.99549 0.09241518
vn  -0.1454056 0.9845489 0.09757431
vn  -0.29727112 0.9500522 0.09503071
vn  -0.4735459 0.876942 0.08201918
vn  -0.6617891 0.7474269 0.0582082
vn  -0.7511869 0.65884424 0.040527204
vn  0.9903184 -0.1387597 0.0038862036
vn  0.9947053 -0.10140204 -0.016705282
vn  0.9975109 -0.062540896 -0.03256731
vn  0.9987708 -0.028250612 -0.040728756
vn  0.9990351 0.002678993 -0.04383812
vn  0.9985558 0.032281952 -0.04294459
vn  0.9973259 0.06155171 -0.039400364
vn  0.995228 0.09141758 -0.034119372
vn  0.9919247 0.12374829 -0.02778034
vn  0.9870262 0.15915565 -0.021183004
vn  0.9794165 0.20130524 -0.014818424
vn  0.9684376 0.24906844 -0.009675918
vn  0.9522832 0.30515304 -0.006173832
vn  0.9305189 0.36621824 -0.0043391036
vn  0.9013605 0.43304904 -0.0042112204
vn  0.864735 0.5022032 -0.005044062
vn  0.82177928 0.56977104 -0.0063057496
vn  0.77451944 0.6325113 -0.007004516
vn  0.7256011 0.6880893 -0.0060259344
vn  0.6728835 0.7397437 -0.002649875
vn  0.61391256 0.7893684 0.0029487216
vn  0.54857244 0.8360343 0.010734325
vn  0.4776935 0.8782852 0.020590972
vn  0.40227128 0.9149532 0.032221702
vn  0.32418964 0.9449149 0.04513279
vn  0.24482102 0.9677811 0.05884326
vn  0.16192762 0.984122 0.072685248
vn  0.069806152 0.9939082 0.08528462
vn  -0.039141964 0.9947394 0.09466485
vn  -0.17097582 0.9803592 0.09830197
vn  -0.3323853 0.9385441 0.09303368
vn  -0.5156515 0.8533789 0.0764721
vn  -0.7016624 0.71075192 0.05001891
vn  -0.76035872 0.64863276 0.03361769

vt 00 00
vt 0.030303028 00
vt 0.060606056 00
vt 0.09090909 00
vt 0.12121211 00
vt 0.15151514 00
vt 0.18181818 00
vt 0.21212122 00
vt 0.24242422 00
vt 0.2727273 00
vt 0.30303028 00
vt 0.33333338 00
vt 0.36363636 00
vt 0.3939394 00
vt 0.42424244 00
vt 0.45454544 00
vt 0.48484844 00
vt 0.5151515 00
vt 0.5454546 00
vt 0.57575756 00
vt 0.60606056 00
vt 0.6363636 00
vt 0.66666676 00
vt 0.6969697 00
vt 0.72727272 00
vt 0.7575757 00
vt 0.7878788 00
vt 0.81818176 00
vt 0.8484849 00
vt 0.8787879 00
vt 0.9090909 00
vt 0.9393939 00
vt 0.9696969 00
vt 01 00
vt 00 0.083333344
vt 0.030303028 0.083333344
vt 0.060606056 0.083333344
vt 0.09090909 0.083333344
vt 0.12121211 0.083333344
vt 0.15151514 0.083333344
vt 0.18181818 0.083333344
vt 0.21212122 0.083333344
vt 0.24242422 0.083333344
vt 0.2727273 0.083333344
vt 0.30303028 0.083333344
vt 0.33333338 0.083333344
vt 0.36363636 0.083333344
vt 0.3939394 0.083333344
vt 0.42424244 0.083333344
vt 0.45454544 0.083333344
vt 0.48484844 0.083333344
vt 0.5151515 0.083333344
vt 0.5454546 0.083333344
vt 0.57575756 0.083333344
vt 0.60606056 0.083333344
vt 0.6363636 0.083333344
vt 0.66666676 0.083333344
vt 0.6969697 0.083333344
vt 0.72727272 0.083333344
vt 0.7575757 0.083333344
vt 0.7878788 0.083333344
vt 0.81818176 0.083333344
vt 0.8484849 0.083333344
vt 0.8787879 0.083333344
vt 0.9090909 0.083333344
vt 0.9393939 0.083333344
vt 0.9696969 0.083333344
vt 01 0.083333344
vt 00 0.16666669
vt 0.030303028 0.16666669
vt 0.060606056 0.16666669
vt 0.09090909 0.16666669
vt 0.12121211 0.16666669
vt 0.15151514 0.16666669
vt 0.18181818 0.16666669
vt 0.21212122 0.16666669
vt 0.24242422 0.16666669
vt 0.2727273 0.16666669
vt 0.30303028 0.16666669
vt 0.33333338 0.16666669
vt 0.36363636 0.16666669
vt 0.3939394 0.16666669
vt 0.42424244 0.16666669
vt 0.45454544 0.16666669
vt 0.48484844 0.16666669
vt 0.5151515 0.16666669
vt 0.5454546 0.16666669
vt 0.57575756 0.16666669
vt 0.60606056 0.16666669
vt 0.6363636 0.16666669
vt 0.66666676 0.16666669
vt 0.6969697 0.16666669
vt 0.72727272 0.16666669
vt 0.7575757 0.16666669
vt 0.7878788 0.16666669
vt 0.81818176 0.16666669
vt 0.8484849 0.16666669
vt 0.8787879 0.16666669
vt 0.9090909 0.16666669
vt 0.9393939 0.16666669
vt 0.9696969 0.16666669
vt 01 0.16666669
vt 00 0.25
vt 0.030303028 0.25
vt 0.060606056 0.25
vt 0.09090909 0.25
vt 0.12121211 0.25
vt 0.15151514 0.25
vt 0.18181818 0.25
vt 0.21212122 0.25
vt 0.24242422 0.25
vt 0.2727273 0.25
vt 0.30303028 0.25
vt 0.33333338 0.25
vt 0.36363636 0.25
vt 0.3939394 0.25
vt 0.42424244 0.25
vt 0.45454544 0.25
vt 0.48484844 0.25
vt 0.5151515 0.25
vt 0.5454546 0.25
vt 0.57575756 0.25
vt 0.60606056 0.25
vt 0.6363636 0.25
vt 0.66666676 0.25
vt 0.6969697 0.25
vt 0.72727272 0.25
vt 0.7575757 0.25
vt 0.7878788 0.25
vt 0.81818176 0.25
vt 0.8484849 0.25
vt 0.8787879 0.25
vt 0.9090909 0.25
vt 0.9393939 0.25
vt 0.9696969 0.25
vt 01 0.25
vt 00 0.33333338
vt 0.030303028 0.33333338
vt 0.060606056 0.33333338
vt 0.09090909 0.33333338
vt 0.12121211 0.33333338
vt 0.15151514 0.33333338
vt 0.18181818 0.33333338
vt 0.21212122 0.33333338
vt 0.24242422 0.33333338
vt 0.2727273 0.33333338
vt 0.30303028 0.33333338
vt 0.33333338 0.33333338
vt 0.36363636 0.33333338
vt 0.3939394 0.33333338
vt 0.42424244 0.33333338
vt 0.45454544 0.33333338
vt 0.48484844 0.33333338
vt 0.5151515 0.33333338
vt 0.5454546 0.33333338
vt 0.57575756 0.33333338
vt 0.60606056 0.33333338
vt 0.6363636 0.33333338
vt 0.66666676 0.33333338
vt 0.6969697 0.33333338
vt 0.72727272 0.33333338
vt 0.7575757 0.33333338
vt 0.7878788 0.33333338
vt 0.81818176 0.33333338
vt 0.8484849 0.33333338
vt 0.8787879 0.33333338
vt 0.9090909 0.33333338
vt 0.9393939 0.33333338
vt 0.9696969 0.33333338
vt 01 0.33333338
vt 00 0.4166666
vt 0.030303028 0.4166666
vt 0.060606056 0.4166666
vt 0.09090909 0.4166666
vt 0.12121211 0.4166666
vt 0.15151514 0.4166666
vt 0.18181818 0.4166666
vt 0.21212122 0.4166666
vt 0.24242422 0.4166666
vt 0.2727273 0.4166666
vt 0.30303028 0.4166666
vt 0.33333338 0.4166666
vt 0.36363636 0.4166666
vt 0.3939394 0.4166666
vt 0.42424244 0.4166666
vt 0.45454544 0.4166666
vt 0.48484844 0.4166666
vt 0.5151515 0.4166666
vt 0.5454546 0.4166666
vt 0.57575756 0.4166666
vt 0.60606056 0.4166666
vt 0.6363636 0.4166666
vt 0.66666676 0.4166666
vt 0.6969697 0.4166666
vt 0.72727272 0.4166666
vt 0.7575757 0.4166666
vt 0.7878788 0.4166666
vt 0.81818176 0.4166666
vt 0.8484849 0.4166666
vt 0.8787879 0.4166666
vt 0.9090909 0.4166666
vt 0.9393939 0.4166666
vt 0.9696969 0.4166666
vt 01 0.4166666
vt 00 0.5
vt 0.030303028 0.5
vt 0.060606056 0.5
vt 0.09090909 0.5
vt 0.12121211 0.5
vt 0.15151514 0.5
vt 0.18181818 0.5
vt 0.21212122 0.5
vt 0.24242422 0.5
vt 0.2727273 0.5
vt 0.30303028 0.5
vt 0.33333338 0.5
vt 0.36363636 0.5
vt 0.3939394 0.5
vt 0.42424244 0.5
vt 0.45454544 0.5
vt 0.48484844 0.5
vt 0.5151515 0.5
vt 0.5454546 0.5
vt 0.57575756 0.5
vt 0.60606056 0.5
vt 0.6363636 0.5
vt 0.66666676 0.5
vt 0.6969697 0.5
vt 0.72727272 0.5
vt 0.7575757 0.5
vt 0.7878788 0.5
vt 0.81818176 0.5
vt 0.8484849 0.5
vt 0.8787879 0.5
vt 0.9090909 0.5
vt 0.9393939 0.5
vt 0.9696969 0.5
vt 01 0.5
vt 00 0.58333324
vt 0.030303028 0.58333324
vt 0.060606056 0.58333324
vt 0.09090909 0.58333324
vt 0.12121211 0.58333324
vt 0.15151514 0.58333324
vt 0.18181818 0.58333324
vt 0.21212122 0.58333324
vt 0.24242422 0.58333324
vt 0.2727273 0.58333324
vt 0.30303028 0.58333324
vt 0.33333338 0.58333324
vt 0.36363636 0.58333324
vt 0.3939394 0.58333324
vt 0.42424244 0.58333324
vt 0.45454544 0.58333324
vt 0.48484844 0.58333324
vt 0.5151515 0.58333324
vt 0.5454546 0.58333324
vt 0.57575756 0.58333324
vt 0.60606056 0.58333324
vt 0.6363636 0.58333324
vt 0.66666676 0.58333324
vt 0.6969697 0.58333324
vt 0.72727272 0.58333324
vt 0.7575757 0.58333324
vt 0.7878788 0.58333324
vt 0.81818176 0.58333324
vt 0.8484849 0.58333324
vt 0.8787879 0.58333324
vt 0.9090909 0.58333324
vt 0.9393939 0.58333324
vt 0.9696969 0.58333324
vt 01 0.58333324
vt 00 0.66666676
vt 0.030303028 0.66666676
vt 0.060606056 0.66666676
vt 0.09090909 0.66666676
vt 0.12121211 0.66666676
vt 0.15151514 0.66666676
vt 0.18181818 0.66666676
vt 0.21212122 0.66666676
vt 0.24242422 0.66666676
vt 0.2727273 0.66666676
vt 0.30303028 0.66666676
vt 0.33333338 0.66666676
vt 0.36363636 0.66666676
vt 0.3939394 0.66666676
vt 0.42424244 0.66666676
vt 0.45454544 0.66666676
vt 0.48484844 0.66666676
vt 0.5151515 0.66666676
vt 0.5454546 0.66666676
vt 0.57575756 0.66666676
vt 0.60606056 0.66666676
vt 0.6363636 0.66666676
vt 0.66666676 0.66666676
vt 0.6969697 0.66666676
vt 0.72727272 0.66666676
vt 0.7575757 0.66666676
vt 0.7878788 0.66666676
vt 0.81818176 0.66666676
vt 0.8484849 0.66666676
vt 0.8787879 0.66666676
vt 0.9090909 0.66666676
vt 0.9393939 0.66666676
vt 0.9696969 0.66666676
vt 01 0.66666676
vt 00 0.75
vt 0.030303028 0.75
vt 0.060606056 0.75
vt 0.09090909 0.75
vt 0.12121211 0.75
vt 0.15151514 0.75
vt 0.18181818 0.75
vt 0.21212122 0.75
vt 0.24242422 0.75
vt 0.2727273 0.75
vt 0.30303028 0.75
vt 0.33333338 0.75
vt 0.36363636 0.75
vt 0.3939394 0.75
vt 0.42424244 0.75
vt 0.45454544 0.75
vt 0.48484844 0.75
vt 0.5151515 0.75
vt 0.5454546 0.75
vt 0.57575756 0.75
vt 0.60606056 0.75
vt 0.6363636 0.75
vt 0.66666676 0.75
vt 0.6969697 0.75
vt 0.72727272 0.75
vt 0.7575757 0.75
vt 0.7878788 0.75
vt 0.81818176 0.75
vt 0.8484849 0.75
vt 0.8787879 0.75
vt 0.9090909 0.75
vt 0.9393939 0.75
vt 0.9696969 0.75
vt 01 0.75
vt 00 0.8333332
vt 0.030303028 0.8333332
vt 0.060606056 0.8333332
vt 0.09090909 0.8333332
vt 0.12121211 0.8333332
vt 0.15151514 0.8333332
vt 0.18181818 0.8333332
vt 0.21212122 0.8333332
vt 0.24242422 0.8333332
vt 0.2727273 0.8333332
vt 0.30303028 0.8333332
vt 0.33333338 0.8333332
vt 0.36363636 0.8333332
vt 0.3939394 0.8333332
vt 0.42424244 0.8333332
vt 0.45454544 0.8333332
vt 0.48484844 0.8333332
vt 0.5151515 0.8333332
vt 0.5454546 0.8333332
vt 0.57575756 0.8333332
vt 0.60606056 0.8333332
vt 0.6363636 0.8333332
vt 0.66666676 0.8333332
vt 0.6969697 0.8333332
vt 0.72727272 0.8333332
vt 0.7575757 0.8333332
vt 0.7878788 0.8333332
vt 0.81818176 0.8333332
vt 0.8484849 0.8333332
vt 0.8787879 0.8333332
vt 0.9090909 0.8333332
vt 0.9393939 0.8333332
vt 0.9696969 0.8333332
vt 01 0.8333332
vt 00 0.9166668
vt 0.030303028 0.9166668
vt 0.060606056 0.9166668
vt 0.09090909 0.9166668
vt 0.12121211 0.9166668
vt 0.15151514 0.9166668
vt 0.18181818 0.9166668
vt 0.21212122 0.9166668
vt 0.24242422 0.9166668
vt 0.2727273 0.9166668
vt 0.30303028 0.9166668
vt 0.33333338 0.9166668
vt 0.36363636 0.9166668
vt 0.3939394 0.9166668
vt 0.42424244 0.9166668
vt 0.45454544 0.9166668
vt 0.48484844 0.9166668
vt 0.5151515 0.9166668
vt 0.5454546 0.9166668
vt 0.57575756 0.9166668
vt 0.60606056 0.9166668
vt 0.6363636 0.9166668
vt 0.66666676 0.9166668
vt 0.6969697 0.9166668
vt 0.72727272 0.9166668
vt 0.7575757 0.9166668
vt 0.7878788 0.9166668
vt 0.81818176 0.9166668
vt 0.8484849 0.9166668
vt 0.8787879 0.9166668
vt 0.9090909 0.9166668
vt 0.9393939 0.9166668
vt 0.9696969 0.9166668
vt 01 0.9166668
vt 00 01
vt 0.030303028 01
vt 0.060606056 01
vt 0.09090909 01
vt 0.12121211 01
vt 0.15151514 01
vt 0.18181818 01
vt 0.21212122 01
vt 0.24242422 01
vt 0.2727273 01
vt 0.30303028 01
vt 0.33333338 01
vt 0.36363636 01
vt 0.3939394 01
vt 0.42424244 01
vt 0.45454544 01
vt 0.48484844 01
vt 0.5151515 01
vt 0.5454546 01
vt 0.57575756 01
vt 0.60606056 01
vt 0.6363636 01
vt 0.66666676 01
vt 0.6969697 01
vt 0.72727272 01
vt 0.7575757 01
vt 0.7878788 01
vt 0.81818176 01
vt 0.8484849 01
vt 0.8787879 01
vt 0.9090909 01
vt 0.9393939 01
vt 0.9696969 01
vt 01 01
vt 00 00
vt 0.030303028 00
vt 0.060606056 00
vt 0.09090909 00
vt 0.12121211 00
vt 0.15151514 00
vt 0.18181818 00
vt 0.21212122 00
vt 0.24242422 00
vt 0.2727273 00
vt 0.30303028 00
vt 0.33333338 00
vt 0.36363636 00
vt 0.3939394 00
vt 0.42424244 00
vt 0.45454544 00
vt 0.48484844 00
vt 0.5151515 00
vt 0.5454546 00
vt 0.57575756 00
vt 0.60606056 00
vt 0.6363636 00
vt 0.66666676 00
vt 0.6969697 00
vt 0.72727272 00
vt 0.7575757 00
vt 0.7878788 00
vt 0.81818176 00
vt 0.8484849 00
vt 0.8787879 00
vt 0.9090909 00
vt 0.9393939 00
vt 0.9696969 00
vt 01 00
vt 00 0.083333344
vt 0.030303028 0.083333344
vt 0.060606056 0.083333344
vt 0.09090909 0.083333344
vt 0.12121211 0.083333344
vt 0.15151514 0.083333344
vt 0.18181818 0.083333344
vt 0.21212122 0.083333344
vt 0.24242422 0.083333344
vt 0.2727273 0.083333344
vt 0.30303028 0.083333344
vt 0.33333338 0.083333344
vt 0.36363636 0.083333344
vt 0.3939394 0.083333344
vt 0.42424244 0.083333344
vt 0.45454544 0.083333344
vt 0.48484844 0.083333344
vt 0.5151515 0.083333344
vt 0.5454546 0.083333344
vt 0.57575756 0.083333344
vt 0.60606056 0.083333344
vt 0.6363636 0.083333344
vt 0.66666676 0.083333344
vt 0.6969697 0.083333344
vt 0.72727272 0.083333344
vt 0.7575757 0.083333344
vt 0.7878788 0.083333344
vt 0.81818176 0.083333344
vt 0.8484849 0.083333344
vt 0.8787879 0.083333344
vt 0.9090909 0.083333344
vt 0.9393939 0.083333344
vt 0.9696969 0.083333344
vt 01 0.083333344
vt 00 0.16666669
vt 0.030303028 0.16666669
vt 0.060606056 0.16666669
vt 0.09090909 0.16666669
vt 0.12121211 0.16666669
vt 0.15151514 0.16666669
vt 0.18181818 0.16666669
vt 0.21212122 0.16666669
vt 0.24242422 0.16666669
vt 0.2727273 0.16666669
vt 0.30303028 0.16666669
vt 0.33333338 0.16666669
vt 0.36363636 0.16666669
vt 0.3939394 0.16666669
vt 0.42424244 0.16666669
vt 0.45454544 0.16666669
vt 0.48484844 0.16666669
vt 0.5151515 0.16666669
vt 0.5454546 0.16666669
vt 0.57575756 0.16666669
vt 0.60606056 0.16666669
vt 0.6363636 0.16666669
vt 0.66666676 0.16666669
vt 0.6969697 0.16666669
vt 0.72727272 0.16666669
vt 0.7575757 0.16666669
vt 0.7878788 0.16666669
vt 0.81818176 0.16666669
vt 0.8484849 0.16666669
vt 0.8787879 0.16666669
vt 0.9090909 0.16666669
vt 0.9393939 0.16666669
vt 0.9696969 0.16666669
vt 01 0.16666669
vt 00 0.25
vt 0.030303028 0.25
vt 0.060606056 0.25
vt 0.09090909 0.25
vt 0.12121211 0.25
vt 0.15151514 0.25
vt 0.18181818 0.25
vt 0.21212122 0.25
vt 0.24242422 0.25
vt 0.2727273 0.25
vt 0.30303028 0.25
vt 0.33333338 0.25
vt 0.36363636 0.25
vt 0.3939394 0.25
vt 0.42424244 0.25
vt 0.45454544 0.25
vt 0.48484844 0.25
vt 0.5151515 0.25
vt 0.5454546 0.25
vt 0.57575756 0.25
vt 0.60606056 0.25
vt 0.6363636 0.25
vt 0.66666676 0.25
vt 0.6969697 0.25
vt 0.72727272 0.25
vt 0.7575757 0.25
vt 0.7878788 0.25
vt 0.81818176 0.25
vt 0.8484849 0.25
vt 0.8787879 0.25
vt 0.9090909 0.25
vt 0.9393939 0.25
vt 0.9696969 0.25
vt 01 0.25
vt 00 0.33333338
vt 0.030303028 0.33333338
vt 0.060606056 0.33333338
vt 0.09090909 0.33333338
vt 0.12121211 0.33333338
vt 0.15151514 0.33333338
vt 0.18181818 0.33333338
vt 0.21212122 0.33333338
vt 0.24242422 0.33333338
vt 0.2727273 0.33333338
vt 0.30303028 0.33333338
vt 0.33333338 0.33333338
vt 0.36363636 0.33333338
vt 0.3939394 0.33333338
vt 0.42424244 0.33333338
vt 0.45454544 0.33333338
vt 0.48484844 0.33333338
vt 0.5151515 0.33333338
vt 0.5454546 0.33333338
vt 0.57575756 0.33333338
vt 0.60606056 0.33333338
vt 0.6363636 0.33333338
vt 0.66666676 0.33333338
vt 0.6969697 0.33333338
vt 0.72727272 0.33333338
vt 0.7575757 0.33333338
vt 0.7878788 0.33333338
vt 0.81818176 0.33333338
vt 0.8484849 0.33333338
vt 0.8787879 0.33333338
vt 0.9090909 0.33333338
vt 0.9393939 0.33333338
vt 0.9696969 0.33333338
vt 01 0.33333338
vt 00 0.4166666
vt 0.030303028 0.4166666
vt 0.060606056 0.4166666
vt 0.09090909 0.4166666
vt 0.12121211 0.4166666
vt 0.15151514 0.4166666
vt 0.18181818 0.4166666
vt 0.21212122 0.4166666
vt 0.24242422 0.4166666
vt 0.2727273 0.4166666
vt 0.30303028 0.4166666
vt 0.33333338 0.4166666
vt 0.36363636 0.4166666
vt 0.3939394 0.4166666
vt 0.42424244 0.4166666
vt 0.45454544 0.4166666
vt 0.48484844 0.4166666
vt 0.5151515 0.4166666
vt 0.5454546 0.4166666
vt 0.57575756 0.4166666
vt 0.60606056 0.4166666
vt 0.6363636 0.4166666
vt 0.66666676 0.4166666
vt 0.6969697 0.4166666
vt 0.72727272 0.4166666
vt 0.7575757 0.4166666
vt 0.7878788 0.4166666
vt 0.81818176 0.4166666
vt 0.8484849 0.4166666
vt 0.8787879 0.4166666
vt 0.9090909 0.4166666
vt 0.9393939 0.4166666
vt 0.9696969 0.4166666
vt 01 0.4166666
vt 00 0.5
vt 0.030303028 0.5
vt 0.060606056 0.5
vt 0.09090909 0.5
vt 0.12121211 0.5
vt 0.15151514 0.5
vt 0.18181818 0.5
vt 0.21212122 0.5
vt 0.24242422 0.5
vt 0.2727273 0.5
vt 0.30303028 0.5
vt 0.33333338 0.5
vt 0.36363636 0.5
vt 0.3939394 0.5
vt 0.42424244 0.5
vt 0.45454544 0.5
vt 0.48484844 0.5
vt 0.5151515 0.5
vt 0.5454546 0.5
vt 0.57575756 0.5
vt 0.60606056 0.5
vt 0.6363636 0.5
vt 0.66666676 0.5
vt 0.6969697 0.5
vt 0.72727272 0.5
vt 0.7575757 0.5
vt 0.7878788 0.5
vt 0.81818176 0.5
vt 0.8484849 0.5
vt 0.8787879 0.5
vt 0.9090909 0.5
vt 0.9393939 0.5
vt 0.9696969 0.5
vt 01 0.5
vt 00 0.58333324
vt 0.030303028 0.58333324
vt 0.060606056 0.58333324
vt 0.09090909 0.58333324
vt 0.12121211 0.58333324
vt 0.15151514 0.58333324
vt 0.18181818 0.58333324
vt 0.21212122 0.58333324
vt 0.24242422 0.58333324
vt 0.2727273 0.58333324
vt 0.30303028 0.58333324
vt 0.33333338 0.58333324
vt 0.36363636 0.58333324
vt 0.3939394 0.58333324
vt 0.42424244 0.58333324
vt 0.45454544 0.58333324
vt 0.48484844 0.58333324
vt 0.5151515 0.58333324
vt 0.5454546 0.58333324
vt 0.57575756 0.58333324
vt 0.60606056 0.58333324
vt 0.6363636 0.58333324
vt 0.66666676 0.58333324
vt 0.6969697 0.58333324
vt 0.72727272 0.58333324
vt 0.7575757 0.58333324
vt 0.7878788 0.58333324
vt 0.81818176 0.58333324
vt 0.8484849 0.58333324
vt 0.8787879 0.58333324
vt 0.9090909 0.58333324
vt 0.9393939 0.58333324
vt 0.9696969 0.58333324
vt 01 0.58333324
vt 00 0.66666676
vt 0.030303028 0.66666676
vt 0.060606056 0.66666676
vt 0.09090909 0.66666676
vt 0.12121211 0.66666676
vt 0.15151514 0.66666676
vt 0.18181818 0.66666676
vt 0.21212122 0.66666676
vt 0.24242422 0.66666676
vt 0.2727273 0.66666676
vt 0.30303028 0.66666676
vt 0.33333338 0.66666676
vt 0.36363636 0.66666676
vt 0.3939394 0.66666676
vt 0.42424244 0.66666676
vt 0.45454544 0.66666676
vt 0.48484844 0.66666676
vt 0.5151515 0.66666676
vt 0.5454546 0.66666676
vt 0.57575756 0.66666676
vt 0.60606056 0.66666676
vt 0.6363636 0.66666676
vt 0.66666676 0.66666676
vt 0.6969697 0.66666676
vt 0.72727272 0.66666676
vt 0.7575757 0.66666676
vt 0.7878788 0.66666676
vt 0.81818176 0.66666676
vt 0.8484849 0.66666676
vt 0.8787879 0.66666676
vt 0.9090909 0.66666676
vt 0.9393939 0.66666676
vt 0.9696969 0.66666676
vt 01 0.66666676
vt 00 0.75
vt 0.030303028 0.75
vt 0.060606056 0.75
vt 0.09090909 0.75
vt 0.12121211 0.75
vt 0.15151514 0.75
vt 0.18181818 0.75
vt 0.21212122 0.75
vt 0.24242422 0.75
vt 0.2727273 0.75
vt 0.30303028 0.75
vt 0.33333338 0.75
vt 0.36363636 0.75
vt 0.3939394 0.75
vt 0.42424244 0.75
vt 0.45454544 0.75
vt 0.48484844 0.75
vt 0.5151515 0.75
vt 0.5454546 0.75
vt 0.57575756 0.75
vt 0.60606056 0.75
vt 0.6363636 0.75
vt 0.66666676 0.75
vt 0.6969697 0.75
vt 0.72727272 0.75
vt 0.7575757 0.75
vt 0.7878788 0.75
vt 0.81818176 0.75
vt 0.8484849 0.75
vt 0.8787879 0.75
vt 0.9090909 0.75
vt 0.9393939 0.75
vt 0.9696969 0.75
vt 01 0.75
vt 00 0.8333332
vt 0.030303028 0.8333332
vt 0.060606056 0.8333332
vt 0.09090909 0.8333332
vt 0.12121211 0.8333332
vt 0.15151514 0.8333332
vt 0.18181818 0.8333332
vt 0.21212122 0.8333332
vt 0.24242422 0.8333332
vt 0.2727273 0.8333332
vt 0.30303028 0.8333332
vt 0.33333338 0.8333332
vt 0.36363636 0.8333332
vt 0.3939394 0.8333332
vt 0.42424244 0.8333332
vt 0.45454544 0.8333332
vt 0.48484844 0.8333332
vt 0.5151515 0.8333332
vt 0.5454546 0.8333332
vt 0.57575756 0.8333332
vt 0.60606056 0.8333332
vt 0.6363636 0.8333332
vt 0.66666676 0.8333332
vt 0.6969697 0.8333332
vt 0.72727272 0.8333332
vt 0.7575757 0.8333332
vt 0.7878788 0.8333332
vt 0.81818176 0.8333332
vt 0.8484849 0.8333332
vt 0.8787879 0.8333332
vt 0.9090909 0.8333332
vt 0.9393939 0.8333332
vt 0.9696969 0.8333332
vt 01 0.8333332
vt 00 0.9166668
vt 0.030303028 0.9166668
vt 0.060606056 0.9166668
vt 0.09090909 0.9166668
vt 0.12121211 0.9166668
vt 0.15151514 0.9166668
vt 0.18181818 0.9166668
vt 0.21212122 0.9166668
vt 0.24242422 0.9166668
vt 0.2727273 0.9166668
vt 0.30303028 0.9166668
vt 0.33333338 0.9166668
vt 0.36363636 0.9166668
vt 0.3939394 0.9166668
vt 0.42424244 0.9166668
vt 0.45454544 0.9166668
vt 0.48484844 0.9166668
vt 0.5151515 0.9166668
vt 0.5454546 0.9166668
vt 0.57575756 0.9166668
vt 0.60606056 0.9166668
vt 0.6363636 0.9166668
vt 0.66666676 0.9166668
vt 0.6969697 0.9166668
vt 0.72727272 0.9166668
vt 0.7575757 0.9166668
vt 0.7878788 0.9166668
vt 0.81818176 0.9166668
vt 0.8484849 0.9166668
vt 0.8787879 0.9166668
vt 0.9090909 0.9166668
vt 0.9393939 0.9166668
vt 0.9696969 0.9166668
vt 01 0.9166668
vt 00 01
vt 0.030303028 01
vt 0.060606056 01
vt 0.09090909 01
vt 0.12121211 01
vt 0.15151514 01
vt 0.18181818 01
vt 0.21212122 01
vt 0.24242422 01
vt 0.2727273 01
vt 0.30303028 01
vt 0.33333338 01
vt 0.36363636 01
vt 0.3939394 01
vt 0.42424244 01
vt 0.45454544 01
vt 0.48484844 01
vt 0.5151515 01
vt 0.5454546 01
vt 0.57575756 01
vt 0.60606056 01
vt 0.6363636 01
vt 0.66666676 01
vt 0.6969697 01
vt 0.72727272 01
vt 0.7575757 01
vt 0.7878788 01
vt 0.81818176 01
vt 0.8484849 01
vt 0.8787879 01
vt 0.9090909 01
vt 0.9393939 01
vt 0.9696969 01
vt 01 01

usemtl 1.BaseMaterial
usemap 1.BaseMaterial
f 563/563/563 529/529/529 530/530/530
f 564/564/564 563/563/563 530/530/530
f 1005/1005/1005 972/972/972 971/971/971
f 1005/1005/1005 1006/1006/1006 972/972/972
f 564/564/564 530/530/530 531/531/531
f 565/565/565 564/564/564 531/531/531
f 1006/1006/1006 973/973/973 972/972/972
f 1006/1006/1006 1007/1007/1007 973/973/973
f 565/565/565 531/531/531 532/532/532
f 566/566/566 565/565/565 532/532/532
f 1007/1007/1007 974/974/974 973/973/973
f 1007/1007/1007 1008/1008/1008 974/974/974
f 566/566/566 532/532/532 533/533/533
f 567/567/567 566/566/566 533/533/533
f 1008/1008/1008 975/975/975 974/974/974
f 1008/1008/1008 1009/1009/1009 975/975/975
f 567/567/567 533/533/533 534/534/534
f 568/568/568 567/567/567 534/534/534
f 1009/1009/1009 976/976/976 975/975/975
f 1009/1009/1009 1010/1010/1010 976/976/976
f 568/568/568 534/534/534 535/535/535
f 569/569/569 568/568/568 535/535/535
f 1010/1010/1010 977/977/977 976/976/976
f 1010/1010/1010 1011/1011/1011 977/977/977
f 569/569/569 535/535/535 536/536/536
f 570/570/570 569/569/569 536/536/536
f 1011/1011/1011 978/978/978 977/977/977
f 1011/1011/1011 1012/1012/1012 978/978/978
f 570/570/570 536/536/536 537/537/537
f 571/571/571 570/570/570 537/537/537
f 1012/1012/1012 979/979/979 978/978/978
f 1012/1012/1012 1013/1013/1013 979/979/979
f 571/571/571 537/537/537 538/538/538
f 572/572/572 571/571/571 538/538/538
f 1013/1013/1013 980/980/980 979/979/979
f 1013/1013/1013 1014/1014/1014 980/980/980
f 572/572/572 538/538/538 539/539/539
f 573/573/573 572/572/572 539/539/539
f 1014/1014/1014 981/981/981 980/980/980
f 1014/1014/1014 1015/1015/1015 981/981/981
f 573/573/573 539/539/539 540/540/540
f 574/574/574 573/573/573 540/540/540
f 1015/1015/1015 982/982/982 981/981/981
f 1015/1015/1015 1016/1016/1016 982/982/982
f 574/574/574 540/540/540 541/541/541
f 575/575/575 574/574/574 541/541/541
f 1016/1016/1016 983/983/983 982/982/982
f 1016/1016/1016 1017/1017/1017 983/983/983
f 575/575/575 541/541/541 542/542/542
f 576/576/576 575/575/575 542/542/542
f 1017/1017/1017 984/984/984 983/983/983
f 1017/1017/1017 1018/1018/1018 984/984/984
f 576/576/576 542/542/542 543/543/543
f 577/577/577 576/576/576 543/543/543
f 1018/1018/1018 985/985/985 984/984/984
f 1018/1018/1018 1019/1019/1019 985/985/985
f 577/577/577 543/543/543 544/544/544
f 578/578/578 577/577/577 544/544/544
f 1019/1019/1019 986/986/986 985/985/985
f 1019/1019/1019 1020/1020/1020 986/986/986
f 578/578/578 544/544/544 545/545/545
f 579/579/579 578/578/578 545/545/545
f 1020/1020/1020 987/987/987 986/986/986
f 1020/1020/1020 1021/1021/1021 987/987/987
f 579/579/579 545/545/545 546/546/546
f 580/580/580 579/579/579 546/546/546
f 1021/1021/1021 988/988/988 987/987/987
f 1021/1021/1021 1022/1022/1022 988/988/988
f 580/580/580 546/546/546 547/547/547
f 581/581/581 580/580/580 547/547/547
f 1022/1022/1022 989/989/989 988/988/988
f 1022/1022/1022 1023/1023/1023 989/989/989
f 581/581/581 547/547/547 548/548/548
f 582/582/582 581/581/581 548/548/548
f 1023/1023/1023 990/990/990 989/989/989
f 1023/1023/1023 1024/1024/1024 990/990/990
f 582/582/582 548/548/548 549/549/549
f 583/583/583 582/582/582 549/549/549
f 1024/1024/1024 991/991/991 990/990/990
f 1024/1024/1024 1025/1025/1025 991/991/991
f 583/583/583 549/549/549 550/550/550
f 584/584/584 583/583/583 550/550/550
f 1025/1025/1025 992/992/992 991/991/991
f 1025/1025/1025 1026/1026/1026 992/992/992
f 584/584/584 550/550/550 551/551/551
f 585/585/585 584/584/584 551/551/551
f 1026/1026/1026 993/993/993 992/992/992
f 1026/1026/1026 1027/1027/1027 993/993/993
f 585/585/585 551/551/551 552/552/552
f 586/586/586 585/585/585 552/552/552
f 1027/1027/1027 994/994/994 993/993/993
f 1027/1027/1027 1028/1028/1028 994/994/994
f 586/586/586 552/552/552 553/553/553
f 587/587/587 586/586/586 553/553/553
f 1028/1028/1028 995/995/995 994/994/994
f 1028/1028/1028 1029/1029/1029 995/995/995
f 587/587/587 553/553/553 554/554/554
f 588/588/588 587/587/587 554/554/554
f 1029/1029/1029 996/996/996 995/995/995
f 1029/1029/1029 1030/1030/1030 996/996/996
f 588/588/588 554/554/554 555/555/555
f 589/589/589 588/588/588 555/555/555
f 1030/1030/1030 997/997/997 996/996/996
f 1030/1030/1030 1031/1031/1031 997/997/997
f 589/589/589 555/555/555 556/556/556
f 590/590/590 589/589/589 556/556/556
f 1031/1031/1031 998/998/998 997/997/997
f 1031/1031/1031 1032/1032/1032 998/998/998
f 590/590/590 556/556/556 557/557/557
f 591/591/591 590/590/590 557/557/557
f 1032/1032/1032 999/999/999 998/998/998
f 1032/1032/1032 1033/1033/1033 999/999/999
f 591/591/591 557/557/557 558/558/558
f 592/592/592 591/591/591 558/558/558
f 1033/1033/1033 1000/1000/1000 999/999/999
f 1033/1033/1033 1034/1034/1034 1000/1000/1000
f 592/592/592 558/558/558 559/559/559
f 593/593/593 592/592/592 559/559/559
f 1034/1034/1034 1001/1001/1001 1000/1000/1000
f 1034/1034/1034 1035/1035/1035 1001/1001/1001
f 593/593/593 559/559/559 560/560/560
f 594/594/594 593/593/593 560/560/560
f 1035/1035/1035 1002/1002/1002 1001/1001/1001
f 1035/1035/1035 1036/1036/1036 1002/1002/1002
f 594/594/594 560/560/560 561/561/561
f 595/595/595 594/594/594 561/561/561
f 1036/1036/1036 1003/1003/1003 1002/1002/1002
f 1036/1036/1036 1037/1037/1037 1003/1003/1003
f 595/595/595 561/561/561 562/562/562
f 596/596/596 595/595/595 562/562/562
f 1037/1037/1037 1004/1004/1004 1003/1003/1003
f 1037/1037/1037 1038/1038/1038 1004/1004/1004
f 597/597/597 563/563/563 564/564/564
f 598/598/598 597/597/597 564/564/564
f 1039/1039/1039 1006/1006/1006 1005/1005/1005
f 1039/1039/1039 1040/1040/1040 1006/1006/1006
f 598/598/598 564/564/564 565/565/565
f 599/599/599 598/598/598 565/565/565
f 1040/1040/1040 1007/1007/1007 1006/1006/1006
f 1040/1040/1040 1041/1041/1041 1007/1007/1007
f 599/599/599 565/565/565 566/566/566
f 600/600/600 599/599/599 566/566/566
f 1041/1041/1041 1008/1008/1008 1007/1007/1007
f 1041/1041/1041 1042/1042/1042 1008/1008/1008
f 600/600/600 566/566/566 567/567/567
f 601/601/601 600/600/600 567/567/567
f 1042/1042/1042 1009/1009/1009 1008/1008/1008
f 1042/1042/1042 1043/1043/1043 1009/1009/1009
f 601/601/601 567/567/567 568/568/568
f 602/602/602 601/601/601 568/568/568
f 1043/1043/1043 1010/1010/1010 1009/1009/1009
f 1043/1043/1043 1044/1044/1044 1010/1010/1010
f 602/602/602 568/568/568 569/569/569
f 603/603/603 602/602/602 569/569/569
f 1044/1044/1044 1011/1011/1011 1010/1010/1010
f 1044/1044/1044 1045/1045/1045 1011/1011/1011
f 603/603/603 569/569/569 570/570/570
f 604/604/604 603/603/603 570/570/570
f 1045/1045/1045 1012/1012/1012 1011/1011/1011
f 1045/1045/1045 1046/1046/1046 1012/1012/1012
f 604/604/604 570/570/570 571/571/571
f 605/605/605 604/604/604 571/571/571
f 1046/1046/1046 1013/1013/1013 1012/1012/1012
f 1046/1046/1046 1047/1047/1047 1013/1013/1013
f 605/605/605 571/571/571 572/572/572
f 606/606/606 605/605/605 572/572/572
f 1047/1047/1047 1014/1014/1014 1013/1013/1013
f 1047/1047/1047 1048/1048/1048 1014/1014/1014
f 606/606/606 572/572/572 573/573/573
f 607/607/607 606/606/606 573/573/573
f 1048/1048/1048 1015/1015/1015 1014/1014/1014
f 1048/1048/1048 1049/1049/1049 1015/1015/1015
f 607/607/607 573/573/573 574/574/574
f 608/608/608 607/607/607 574/574/574
f 1049/1049/1049 1016/1016/1016 1015/1015/1015
f 1049/1049/1049 1050/1050/1050 1016/1016/1016
f 608/608/608 574/574/574 575/575/575
f 609/609/609 608/608/608 575/575/575
f 1050/1050/1050 1017/1017/1017 1016/1016/1016
f 1050/1050/1050 1051/1051/1051 1017/1017/1017
f 609/609/609 575/575/575 576/576/576
f 610/610/610 609/609/609 576/576/576
f 1051/1051/1051 1018/1018/1018 1017/1017/1017
f 1051/1051/1051 1052/1052/1052 1018/1018/1018
f 610/610/610 576/576/576 577/577/577
f 611/611/611 610/610/610 577/577/577
f 1052/1052/1052 1019/1019/1019 1018/1018/1018
f 1052/1052/1052 1053/1053/1053 1019/1019/1019
f 611/611/611 577/577/577 578/578/578
f 612/612/612 611/611/611 578/578/578
f 1053/1053/1053 1020/1020/1020 1019/1019/1019
f 1053/1053/1053 1054/1054/1054 1020/1020/1020
f 612/612/612 578/578/578 579/579/579
f 613/613/613 612/612/612 579/579/579
f 1054/1054/1054 1021/1021/1021 1020/1020/1020
f 1054/1054/1054 1055/1055/1055 1021/1021/1021
f 613/613/613 579/579/579 580/580/580
f 614/614/614 613/613/613 580/580/580
f 1055/1055/1055 1022/1022/1022 1021/1021/1021
f 1055/1055/1055 1056/1056/1056 1022/1022/1022
f 614/614/614 580/580/580 581/581/581
f 615/615/615 614/614/614 581/581/581
f 1056/1056/1056 1023/1023/1023 1022/1022/1022
f 1056/1056/1056 1057/1057/1057 1023/1023/1023
f 615/615/615 581/581/581 582/582/582
f 616/616/616 615/615/615 582/582/582
f 1057/1057/1057 1024/1024/1024 1023/1023/1023
f 1057/1057/1057 1058/1058/1058 1024/1024/1024
f 616/616/616 582/582/582 583/583/583
f 617/617/617 616/616/616 583/583/583
f 1058/1058/1058 1025/1025/1025 1024/1024/1024
f 1058/1058/1058 1059/1059/1059 1025/1025/1025
f 617/617/617 583/583/583 584/584/584
f 618/618/618 617/617/617 584/584/584
f 1059/1059/1059 1026/1026/1026 1025/1025/1025
f 1059/1059/1059 1060/1060/1060 1026/1026/1026
f 618/618/618 584/584/584 585/585/585
f 619/619/619 618/618/618 585/585/585
f 1060/1060/1060 1027/1027/1027 1026/1026/1026
f 1060/1060/1060 1061/1061/1061 1027/1027/1027
f 619/619/619 585/585/585 586/586/586
f 620/620/620 619/619/619 586/586/586
f 1061/1061/1061 1028/1028/1028 1027/1027/1027
f 1061/1061/1061 1062/1062/1062 1028/1028/1028
f 620/620/620 586/586/586 587/587/587
f 621/621/621 620/620/620 587/587/587
f 1062/1062/1062 1029/1029/1029 1028/1028/1028
f 1062/1062/1062 1063/1063/1063 1029/1029/1029
f 621/621/621 587/587/587 588/588/588
f 622/622/622 621/621/621 588/588/588
f 1063/1063/1063 1030/1030/1030 1029/1029/1029
f 1063/1063/1063 1064/1064/1064 1030/1030/1030
f 622/622/622 588/588/588 589/589/589
f 623/623/623 622/622/622 589/589/589
f 1064/1064/1064 1031/1031/1031 1030/1030/1030
f 1064/1064/1064 1065/1065/1065 1031/1031/1031
f 623/623/623 589/589/589 590/590/590
f 624/624/624 623/623/623 590/590/590
f 1065/1065/1065 1032/1032/1032 1031/1031/1031
f 1065/1065/1065 1066/1066/1066 1032/1032/1032
f 624/624/624 590/590/590 591/591/591
f 625/625/625 624/624/624 591/591/591
f 1066/1066/1066 1033/1033/1033 1032/1032/1032
f 1066/1066/1066 1067/1067/1067 1033/1033/1033
f 625/625/625 591/591/591 592/592/592
f 626/626/626 625/625/625 592/592/592
f 1067/1067/1067 1034/1034/1034 1033/1033/1033
f 1067/1067/1067 1068/1068/1068 1034/1034/1034
f 626/626/626 592/592/592 593/593/593
f 627/627/627 626/626/626 593/593/593
f 1068/1068/1068 1035/1035/1035 1034/1034/1034
f 1068/1068/1068 1069/1069/1069 1035/1035/1035
f 627/627/627 593/593/593 594/594/594
f 628/628/628 627/627/627 594/594/594
f 1069/1069/1069 1036/1036/1036 1035/1035/1035
f 1069/1069/1069 1070/1070/1070 1036/1036/1036
f 628/628/628 594/594/594 595/595/595
f 629/629/629 628/628/628 595/595/595
f 1070/1070/1070 1037/1037/1037 1036/1036/1036
f 1070/1070/1070 1071/1071/1071 1037/1037/1037
f 629/629/629 595/595/595 596/596/596
f 630/630/630 629/629/629 596/596/596
f 1071/1071/1071 1038/1038/1038 1037/1037/1037
f 1071/1071/1071 1072/1072/1072 1038/1038/1038
f 631/631/631 597/597/597 598/598/598
f 632/632/632 631/631/631 598/598/598
f 1073/1073/1073 1040/1040/1040 1039/1039/1039
f 1073/1073/1073 1074/1074/1074 1040/1040/1040
f 632/632/632 598/598/598 599/599/599
f 633/633/633 632/632/632 599/599/599
f 1074/1074/1074 1041/1041/1041 1040/1040/1040
f 1074/1074/1074 1075/1075/1075 1041/1041/1041
f 633/633/633 599/599/599 600/600/600
f 634/634/634 633/633/633 600/600/600
f 1075/1075/1075 1042/1042/1042 1041/1041/1041
f 1075/1075/1075 1076/1076/1076 1042/1042/1042
f 634/634/634 600/600/600 601/601/601
f 635/635/635 634/634/634 601/601/601
f 1076/1076/1076 1043/1043/1043 1042/1042/1042
f 1076/1076/1076 1077/1077/1077 1043/1043/1043
f 635/635/635 601/601/601 602/602/602
f 636/636/636 635/635/635 602/602/602
f 1077/1077/1077 1044/1044/1044 1043/1043/1043
f 1077/1077/1077 1078/1078/1078 1044/1044/1044
f 636/636/636 602/602/602 603/603/603
f 637/637/637 636/636/636 603/603/603
f 1078/1078/1078 1045/1045/1045 1044/1044/1044
f 1078/1078/1078 1079/1079/1079 1045/1045/1045
f 637/637/637 603/603/603 604/604/604
f 638/638/638 637/637/637 604/604/604
f 1079/1079/1079 1046/1046/1046 1045/1045/1045
f 1079/1079/1079 1080/1080/1080 1046/1046/1046
f 638/638/638 604/604/604 605/605/605
f 639/639/639 638/638/638 605/605/605
f 1080/1080/1080 1047/1047/1047 1046/1046/1046
f 1080/1080/1080 1081/1081/1081 1047/1047/1047
f 639/639/639 605/605/605 606/606/606
f 640/640/640 639/639/639 606/606/606
f 1081/1081/1081 1048/1048/1048 1047/1047/1047
f 1081/1081/1081 1082/1082/1082 1048/1048/1048
f 640/640/640 606/606/606 607/607/607
f 641/641/641 640/640/640 607/607/607
f 1082/1082/1082 1049/1049/1049 1048/1048/1048
f 1082/1082/1082 1083/1083/1083 1049/1049/1049
f 641/641/641 607/607/607 608/608/608
f 642/642/642 641/641/641 608/608/608
f 1083/1083/1083 1050/1050/1050 1049/1049/1049
f 1083/1083/1083 1084/1084/1084 1050/1050/1050
f 642/642/642 608/608/608 609/609/609
f 643/643/643 642/642/642 609/609/609
f 1084/1084/1084 1051/1051/1051 1050/1050/1050
f 1084/1084/1084 1085/1085/1085 1051/1051/1051
f 643/643/643 609/609/609 610/610/610
f 644/644/644 643/643/643 610/610/610
f 1085/1085/1085 1052/1052/1052 1051/1051/1051
f 1085/1085/1085 1086/1086/1086 1052/1052/1052
f 644/644/644 610/610/610 611/611/611
f 645/645/645 644/644/644 611/611/611
f 1086/1086/1086 1053/1053/1053 1052/1052/1052
f 1086/1086/1086 1087/1087/1087 1053/1053/1053
f 645/645/645 611/611/611 612/612/612
f 646/646/646 645/645/645 612/612/612
f 1087/1087/1087 1054/1054/1054 1053/1053/1053
f 1087/1087/1087 1088/1088/1088 1054/1054/1054
f 646/646/646 612/612/612 613/613/613
f 647/647/647 646/646/646 613/613/613
f 1088/1088/1088 1055/1055/1055 1054/1054/1054
f 1088/1088/1088 1089/1089/1089 1055/1055/1055
f 647/647/647 613/613/613 614/614/614
f 648/648/648 647/647/647 614/614/614
f 1089/1089/1089 1056/1056/1056 1055/1055/1055
f 1089/1089/1089 1090/1090/1090 1056/1056/1056
f 648/648/648 614/614/614 615/615/615
f 649/649/649 648/648/648 615/615/615
f 1090/1090/1090 1057/1057/1057 1056/1056/1056
f 1090/1090/1090 1091/1091/1091 1057/1057/1057
f 649/649/649 615/615/615 616/616/616
f 650/650/650 649/649/649 616/616/616
f 1091/1091/1091 1058/1058/1058 1057/1057/1057
f 1091/1091/1091 1092/1092/1092 1058/1058/1058
f 650/650/650 616/616/616 617/617/617
f 651/651/651 650/650/650 617/617/617
f 1092/1092/1092 1059/1059/1059 1058/1058/1058
f 1092/1092/1092 1093/1093/1093 1059/1059/1059
f 651/651/651 617/617/617 618/618/618
f 652/652/652 651/651/651 618/618/618
f 1093/1093/1093 1060/1060/1060 1059/1059/1059
f 1093/1093/1093 1094/1094/1094 1060/1060/1060
f 652/652/652 618/618/618 619/619/619
f 653/653/653 652/652/652 619/619/619
f 1094/1094/1094 1061/1061/1061 1060/1060/1060
f 1094/1094/1094 1095/1095/1095 1061/1061/1061
f 653/653/653 619/619/619 620/620/620
f 654/654/654 653/653/653 620/620/620
f 1095/1095/1095 1062/1062/1062 1061/1061/1061
f 1095/1095/1095 1096/1096/1096 1062/1062/1062
f 654/654/654 620/620/620 621/621/621
f 655/655/655 654/654/654 621/621/621
f 1096/1096/1096 1063/1063/1063 1062/1062/1062
f 1096/1096/1096 1097/1097/1097 1063/1063/1063
f 655/655/655 621/621/621 622/622/622
f 656/656/656 655/655/655 622/622/622
f 1097/1097/1097 1064/1064/1064 1063/1063/1063
f 1097/1097/1097 1098/1098/1098 1064/1064/1064
f 656/656/656 622/622/622 623/623/623
f 657/657/657 656/656/656 623/623/623
f 1098/1098/1098 1065/1065/1065 1064/1064/1064
f 1098/1098/1098 1099/1099/1099 1065/1065/1065
f 657/657/657 623/623/623 624/624/624
f 658/658/658 657/657/657 624/624/624
f 1099/1099/1099 1066/1066/1066 1065/1065/1065
f 1099/1099/1099 1100/1100/1100 1066/1066/1066
f 658/658/658 624/624/624 625/625/625
f 659/659/659 658/658/658 625/625/625
f 1100/1100/1100 1067/1067/1067 1066/1066/1066
f 1100/1100/1100 1101/1101/1101 1067/1067/1067
f 659/659/659 625/625/625 626/626/626
f 660/660/660 659/659/659 626/626/626
f 1101/1101/1101 1068/1068/1068 1067/1067/1067
f 1101/1101/1101 1102/1102/1102 1068/1068/1068
f 660/660/660 626/626/626 627/627/627
f 661/661/661 660/660/660 627/627/627
f 1102/1102/1102 1069/1069/1069 1068/1068/1068
f 1102/1102/1102 1103/1103/1103 1069/1069/1069
f 661/661/661 627/627/627 628/628/628
f 662/662/662 661/661/661 628/628/628
f 1103/1103/1103 1070/1070/1070 1069/1069/1069
f 1103/1103/1103 1104/1104/1104 1070/1070/1070
f 662/662/662 628/628/628 629/629/629
f 663/663/663 662/662/662 629/629/629
f 1104/1104/1104 1071/1071/1071 1070/1070/1070
f 1104/1104/1104 1105/1105/1105 1071/1071/1071
f 663/663/663 629/629/629 630/630/630
f 664/664/664 663/663/663 630/630/630
f 1105/1105/1105 1072/1072/1072 1071/1071/1071
f 1105/1105/1105 1106/1106/1106 1072/1072/1072
f 665/665/665 631/631/631 632/632/632
f 666/666/666 665/665/665 632/632/632
f 1107/1107/1107 1074/1074/1074 1073/1073/1073
f 1107/1107/1107 1108/1108/1108 1074/1074/1074
f 666/666/666 632/632/632 633/633/633
f 667/667/667 666/666/666 633/633/633
f 1108/1108/1108 1075/1075/1075 1074/1074/1074
f 1108/1108/1108 1109/1109/1109 1075/1075/1075
f 667/667/667 633/633/633 634/634/634
f 668/668/668 667/667/667 634/634/634
f 1109/1109/1109 1076/1076/1076 1075/1075/1075
f 1109/1109/1109 1110/1110/1110 1076/1076/1076
f 668/668/668 634/634/634 635/635/635
f 669/669/669 668/668/668 635/635/635
f 1110/1110/1110 1077/1077/1077 1076/1076/1076
f 1110/1110/1110 1111/1111/1111 1077/1077/1077
f 669/669/669 635/635/635 636/636/636
f 670/670/670 669/669/669 636/636/636
f 1111/1111/1111 1078/1078/1078 1077/1077/1077
f 1111/1111/1111 1112/1112/1112 1078/1078/1078
f 670/670/670 636/636/636 637/637/637
f 671/671/671 670/670/670 637/637/637
f 1112/1112/1112 1079/1079/1079 1078/1078/1078
f 1112/1112/1112 1113/1113/1113 1079/1079/1079
f 671/671/671 637/637/637 638/638/638
f 672/672/672 671/671/671 638/638/638
f 1113/1113/1113 1080/1080/1080 1079/1079/1079
f 1113/1113/1113 1114/1114/1114 1080/1080/1080
f 672/672/672 638/638/638 639/639/639
f 673/673/673 672/672/672 639/639/639
f 1114/1114/1114 1081/1081/1081 1080/1080/1080
f 1114/1114/1114 1115/1115/1115 1081/1081/1081
f 673/673/673 639/639/639 640/640/640
f 674/674/674 673/673/673 640/640/640
f 1115/1115/1115 1082/1082/1082 1081/1081/1081
f 1115/1115/1115 1116/1116/1116 1082/1082/1082
f 674/674/674 640/640/640 641/641/641
f 675/675/675 674/674/674 641/641/641
f 1116/1116/1116 1083/1083/1083 1082/1082/1082
f 1116/1116/1116 1117/1117/1117 1083/1083/1083
f 675/675/675 641/641/641 642/642/642
f 676/676/676 675/675/675 642/642/642
f 1117/1117/1117 1084/1084/1084 1083/1083/1083
f 1117/1117/1117 1118/1118/1118 1084/1084/1084
f 676/676/676 642/642/642 643/643/643
f 677/677/677 676/676/676 643/643/643
f 1118/1118/1118 1085/1085/1085 1084/1084/1084
f 1118/1118/1118 1119/1119/1119 1085/1085/1085
f 677/677/677 643/643/643 644/644/644
f 678/678/678 677/677/677 644/644/644
f 1119/1119/1119 1086/1086/1086 1085/1085/1085
f 1119/1119/1119 1120/1120/1120 1086/1086/1086
f 678/678/678 644/644/644 645/645/645
f 679/679/679 678/678/678 645/645/645
f 1120/1120/1120 1087/1087/1087 1086/1086/1086
f 1120/1120/1120 1121/1121/1121 1087/1087/1087
f 679/679/679 645/645/645 646/646/646
f 680/680/680 679/679/679 646/646/646
f 1121/1121/1121 1088/1088/1088 1087/1087/1087
f 1121/1121/1121 1122/1122/1122 1088/1088/1088
f 680/680/680 646/646/646 647/647/647
f 681/681/681 680/680/680 647/647/647
f 1122/1122/1122 1089/1089/1089 1088/1088/1088
f 1122/1122/1122 1123/1123/1123 1089/1089/1089
f 681/681/681 647/647/647 648/648/648
f 682/682/682 681/681/681 648/648/648
f 1123/1123/1123 1090/1090/1090 1089/1089/1089
f 1123/1123/1123 1124/1124/1124 1090/1090/1090
f 682/682/682 648/648/648 649/649/649
f 683/683/683 682/682/682 649/649/649
f 1124/1124/1124 1091/1091/1091 1090/1090/1090
f 1124/1124/1124 1125/1125/1125 1091/1091/1091
f 683/683/683 649/649/649 650/650/650
f 684/684/684 683/683/683 650/650/650
f 1125/1125/1125 1092/1092/1092 1091/1091/1091
f 1125/1125/1125 1126/1126/1126 1092/1092/1092
f 684/684/684 650/650/650 651/651/651
f 685/685/685 684/684/684 651/651/651
f 1126/1126/1126 1093/1093/1093 1092/1092/1092
f 1126/1126/1126 1127/1127/1127 1093/1093/1093
f 685/685/685 651/651/651 652/652/652
f 686/686/686 685/685/685 652/652/652
f 1127/1127/1127 1094/1094/1094 1093/1093/1093
f 1127/1127/1127 1128/1128/1128 1094/1094/1094
f 686/686/686 652/652/652 653/653/653
f 687/687/687 686/686/686 653/653/653
f 1128/1128/1128 1095/1095/1095 1094/1094/1094
f 1128/1128/1128 1129/1129/1129 1095/1095/1095
f 687/687/687 653/653/653 654/654/654
f 688/688/688 687/687/687 654/654/654
f 1129/1129/1129 1096/1096/1096 1095/1095/1095
f 1129/1129/1129 1130/1130/1130 1096/1096/1096
f 688/688/688 654/654/654 655/655/655
f 689/689/689 688/688/688 655/655/655
f 1130/1130/1130 1097/1097/1097 1096/1096/1096
f 1130/1130/1130 1131/1131/1131 1097/1097/1097
f 689/689/689 655/655/655 656/656/656
f 690/690/690 689/689/689 656/656/656
f 1131/1131/1131 1098/1098/1098 1097/1097/1097
f 1131/1131/1131 1132/1132/1132 1098/1098/1098
f 690/690/690 656/656/656 657/657/657
f 691/691/691 690/690/690 657/657/657
f 1132/1132/1132 1099/1099/1099 1098/1098/1098
f 1132/1132/1132 1133/1133/1133 1099/1099/1099
f 691/691/691 657/657/657 658/658/658
f 692/692/692 691/691/691 658/658/658
f 1133/1133/1133 1100/1100/1100 1099/1099/1099
f 1133/1133/1133 1134/1134/1134 1100/1100/1100
f 692/692/692 658/658/658 659/659/659
f 693/693/693 692/692/692 659/659/659
f 1134/1134/1134 1101/1101/1101 1100/1100/1100
f 1134/1134/1134 1135/1135/1135 1101/1101/1101
f 693/693/693 659/659/659 660/660/660
f 694/694/694 693/693/693 660/660/660
f 1135/1135/1135 1102/1102/1102 1101/1101/1101
f 1135/1135/1135 1136/1136/1136 1102/1102/1102
f 694/694/694 660/660/660 661/661/661
f 695/695/695 694/694/694 661/661/661
f 1136/1136/1136 1103/1103/1103 1102/1102/1102
f 1136/1136/1136 1137/1137/1137 1103/1103/1103
f 695/695/695 661/661/661 662/662/662
f 696/696/696 695/695/695 662/662/662
f 1137/1137/1137 1104/1104/1104 1103/1103/1103
f 1137/1137/1137 1138/1138/1138 1104/1104/1104
f 696/696/696 662/662/662 663/663/663
f 697/697/697 696/696/696 663/663/663
f 1138/1138/1138 1105/1105/1105 1104/1104/1104
f 1138/1138/1138 1139/1139/1139 1105/1105/1105
f 697/697/697 663/663/663 664/664/664
f 698/698/698 697/697/697 664/664/664
f 1139/1139/1139 1106/1106/1106 1105/1105/1105
f 1139/1139/1139 1140/1140/1140 1106/1106/1106
f 699/699/699 665/665/665 666/666/666
f 700/700/700 699/699/699 666/666/666
f 1141/1141/1141 1108/1108/1108 1107/1107/1107
f 1141/1141/1141 1142/1142/1142 1108/1108/1108
f 700/700/700 666/666/666 667/667/667
f 701/701/701 700/700/700 667/667/667
f 1142/1142/1142 1109/1109/1109 1108/1108/1108
f 1142/1142/1142 1143/1143/1143 1109/1109/1109
f 701/701/701 667/667/667 668/668/668
f 702/702/702 701/701/701 668/668/668
f 1143/1143/1143 1110/1110/1110 1109/1109/1109
f 1143/1143/1143 1144/1144/1144 1110/1110/1110
f 702/702/702 668/668/668 669/669/669
f 703/703/703 702/702/702 669/669/669
f 1144/1144/1144 1111/1111/1111 1110/1110/1110
f 1144/1144/1144 1145/1145/1145 1111/1111/1111
f 703/703/703 669/669/669 670/670/670
f 704/704/704 703/703/703 670/670/670
f 1145/1145/1145 1112/1112/1112 1111/1111/1111
f 1145/1145/1145 1146/1146/1146 1112/1112/1112
f 704/704/704 670/670/670 671/671/671
f 705/705/705 704/704/704 671/671/671
f 1146/1146/1146 1113/1113/1113 1112/1112/1112
f 1146/1146/1146 1147/1147/1147 1113/1113/1113
f 705/705/705 671/671/671 672/672/672
f 706/706/706 705/705/705 672/672/672
f 1147/1147/1147 1114/1114/1114 1113/1113/1113
f 1147/1147/1147 1148/1148/1148 1114/1114/1114
f 706/706/706 672/672/672 673/673/673
f 707/707/707 706/706/706 673/673/673
f 1148/1148/1148 1115/1115/1115 1114/1114/1114
f 1148/1148/1148 1149/1149/1149 1115/1115/1115
f 707/707/707 673/673/673 674/674/674
f 708/708/708 707/707/707 674/674/674
f 1149/1149/1149 1116/1116/1116 1115/1115/1115
f 1149/1149/1149 1150/1150/1150 1116/1116/1116
f 708/708/708 674/674/674 675/675/675
f 709/709/709 708/708/708 675/675/675
f 1150/1150/1150 1117/1117/1117 1116/1116/1116
f 1150/1150/1150 1151/1151/1151 1117/1117/1117
f 709/709/709 675/675/675 676/676/676
f 710/710/710 709/709/709 676/676/676
f 1151/1151/1151 1118/1118/1118 1117/1117/1117
f 1151/1151/1151 1152/1152/1152 1118/1118/1118
f 710/710/710 676/676/676 677/677/677
f 711/711/711 710/710/710 677/677/677
f 1152/1152/1152 1119/1119/1119 1118/1118/1118
f 1152/1152/1152 1153/1153/1153 1119/1119/1119
f 711/711/711 677/677/677 678/678/678
f 712/712/712 711/711/711 678/678/678
f 1153/1153/1153 1120/1120/1120 1119/1119/1119
f 1153/1153/1153 1154/1154/1154 1120/1120/1120
f 712/712/712 678/678/678 679/679/679
f 713/713/713 712/712/712 679/679/679
f 1154/1154/1154 1121/1121/1121 1120/1120/1120
f 1154/1154/1154 1155/1155/1155 1121/1121/1121
f 713/713/713 679/679/679 680/680/680
f 714/714/714 713/713/713 680/680/680
f 1155/1155/1155 1122/1122/1122 1121/1121/1121
f 1155/1155/1155 1156/1156/1156 1122/1122/1122
f 714/714/714 680/680/680 681/681/681
f 715/715/715 714/714/714 681/681/681
f 1156/1156/1156 1123/1123/1123 1122/1122/1122
f 1156/1156/1156 1157/1157/1157 1123/1123/1123
f 715/715/715 681/681/681 682/682/682
f 716/716/716 715/715/715 682/682/682
f 1157/1157/1157 1124/1124/1124 1123/1123/1123
f 1157/1157/1157 1158/1158/1158 1124/1124/1124
f 716/716/716 682/682/682 683/683/683
f 717/717/717 716/716/716 683/683/683
f 1158/1158/1158 1125/1125/1125 1124/1124/1124
f 1158/1158/1158 1159/1159/1159 1125/1125/1125
f 717/717/717 683/683/683 684/684/684
f 718/718/718 717/717/717 684/684/684
f 1159/1159/1159 1126/1126/1126 1125/1125/1125
f 1159/1159/1159 1160/1160/1160 1126/1126/1126
f 718/718/718 684/684/684 685/685/685
f 719/719/719 718/718/718 685/685/685
f 1160/1160/1160 1127/1127/1127 1126/1126/1126
f 1160/1160/1160 1161/1161/1161 1127/1127/1127
f 719/719/719 685/685/685 686/686/686
f 720/720/720 719/719/719 686/686/686
f 1161/1161/1161 1128/1128/1128 1127/1127/1127
f 1161/1161/1161 1162/1162/1162 1128/1128/1128
f 720/720/720 686/686/686 687/687/687
f 721/721/721 720/720/720 687/687/687
f 1162/1162/1162 1129/1129/1129 1128/1128/1128
f 1162/1162/1162 1163/1163/1163 1129/1129/1129
f 721/721/721 687/687/687 688/688/688
f 722/722/722 721/721/721 688/688/688
f 1163/1163/1163 1130/1130/1130 1129/1129/1129
f 1163/1163/1163 1164/1164/1164 1130/1130/1130
f 722/722/722 688/688/688 689/689/689
f 723/723/723 722/722/722 689/689/689
f 1164/1164/1164 1131/1131/1131 1130/1130/1130
f 1164/1164/1164 1165/1165/1165 1131/1131/1131
f 723/723/723 689/689/689 690/690/690
f 724/724/724 723/723/723 690/690/690
f 1165/1165/1165 1132/1132/1132 1131/1131/1131
f 1165/1165/1165 1166/1166/1166 1132/1132/1132
f 724/724/724 690/690/690 691/691/691
f 725/725/725 724/724/724 691/691/691
f 1166/1166/1166 1133/1133/1133 1132/1132/1132
f 1166/1166/1166 1167/1167/1167 1133/1133/1133
f 725/725/725 691/691/691 692/692/692
f 726/726/726 725/725/725 692/692/692
f 1167/1167/1167 1134/1134/1134 1133/1133/1133
f 1167/1167/1167 1168/1168/1168 1134/1134/1134
f 726/726/726 692/692/692 693/693/693
f 727/727/727 726/726/726 693/693/693
f 1168/1168/1168 1135/1135/1135 1134/1134/1134
f 1168/1168/1168 1169/1169/1169 1135/1135/1135
f 727/727/727 693/693/693 694/694/694
f 728/728/728 727/727/727 694/694/694
f 1169/1169/1169 1136/1136/1136 1135/1135/1135
f 1169/1169/1169 1170/1170/1170 1136/1136/1136
f 728/728/728 694/694/694 695/695/695
f 729/729/729 728/728/728 695/695/695
f 1170/1170/1170 1137/1137/1137 1136/1136/1136
f 1170/1170/1170 1171/1171/1171 1137/1137/1137
f 729/729/729 695/695/695 696/696/696
f 730/730/730 729/729/729 696/696/696
f 1171/1171/1171 1138/1138/1138 1137/1137/1137
f 1171/1171/1171 1172/1172/1172 1138/1138/1138
f 730/730/730 696/696/696 697/697/697
f 731/731/731 730/730/730 697/697/697
f 1172/1172/1172 1139/1139/1139 1138/1138/1138
f 1172/1172/1172 1173/1173/1173 1139/1139/1139
f 731/731/731 697/697/697 698/698/698
f 732/732/732 731/731/731 698/698/698
f 1173/1173/1173 1140/1140/1140 1139/1139/1139
f 1173/1173/1173 1174/1174/1174 1140/1140/1140
f 733/733/733 699/699/699 700/700/700
f 734/734/734 733/733/733 700/700/700
f 1175/1175/1175 1142/1142/1142 1141/1141/1141
f 1175/1175/1175 1176/1176/1176 1142/1142/1142
f 734/734/734 700/700/700 701/701/701
f 735/735/735 734/734/734 701/701/701
f 1176/1176/1176 1143/1143/1143 1142/1142/1142
f 1176/1176/1176 1177/1177/1177 1143/1143/1143
f 735/735/735 701/701/701 702/702/702
f 736/736/736 735/735/735 702/702/702
f 1177/1177/1177 1144/1144/1144 1143/1143/1143
f 1177/1177/1177 1178/1178/1178 1144/1144/1144
f 736/736/736 702/702/702 703/703/703
f 737/737/737 736/736/736 703/703/703
f 1178/1178/1178 1145/1145/1145 1144/1144/1144
f 1178/1178/1178 1179/1179/1179 1145/1145/1145
f 737/737/737 703/703/703 704/704/704
f 738/738/738 737/737/737 704/704/704
f 1179/1179/1179 1146/1146/1146 1145/1145/1145
f 1179/1179/1179 1180/1180/1180 1146/1146/1146
f 738/738/738 704/704/704 705/705/705
f 739/739/739 738/738/738 705/705/705
f 1180/1180/1180 1147/1147/1147 1146/1146/1146
f 1180/1180/1180 1181/1181/1181 1147/1147/1147
f 739/739/739 705/705/705 706/706/706
f 740/740/740 739/739/739 706/706/706
f 1181/1181/1181 1148/1148/1148 1147/1147/1147
f 1181/1181/1181 1182/1182/1182 1148/1148/1148
f 740/740/740 706/706/706 707/707/707
f 741/741/741 740/740/740 707/707/707
f 1182/1182/1182 1149/1149/1149 1148/1148/1148
f 1182/1182/1182 1183/1183/1183 1149/1149/1149
f 741/741/741 707/707/707 708/708/708
f 742/742/742 741/741/741 708/708/708
f 1183/1183/1183 1150/1150/1150 1149/1149/1149
f 1183/1183/1183 1184/1184/1184 1150/1150/1150
f 742/742/742 708/708/708 709/709/709
f 743/743/743 742/742/742 709/709/709
f 1184/1184/1184 1151/1151/1151 1150/1150/1150
f 1184/1184/1184 1185/1185/1185 1151/1151/1151
f 743/743/743 709/709/709 710/710/710
f 744/744/744 743/743/743 710/710/710
f 1185/1185/1185 1152/1152/1152 1151/1151/1151
f 1185/1185/1185 1186/1186/1186 1152/1152/1152
f 744/744/744 710/710/710 711/711/711
f 745/745/745 744/744/744 711/711/711
f 1186/1186/1186 1153/1153/1153 1152/1152/1152
f 1186/1186/1186 1187/1187/1187 1153/1153/1153
f 745/745/745 711/711/711 712/712/712
f 746/746/746 745/745/745 712/712/712
f 1187/1187/1187 1154/1154/1154 1153/1153/1153
f 1187/1187/1187 1188/1188/1188 1154/1154/1154
f 746/746/746 712/712/712 713/713/713
f 747/747/747 746/746/746 713/713/713
f 1188/1188/1188 1155/1155/1155 1154/1154/1154
f 1188/1188/1188 1189/1189/1189 1155/1155/1155
f 747/747/747 713/713/713 714/714/714
f 748/748/748 747/747/747 714/714/714
f 1189/1189/1189 1156/1156/1156 1155/1155/1155
f 1189/1189/1189 1190/1190/1190 1156/1156/1156
f 748/748/748 714/714/714 715/715/715
f 749/749/749 748/748/748 715/715/715
f 1190/1190/1190 1157/1157/1157 1156/1156/1156
f 1190/1190/1190 1191/1191/1191 1157/1157/1157
f 749/749/749 715/715/715 716/716/716
f 750/750/750 749/749/749 716/716/716
f 1191/1191/1191 1158/1158/1158 1157/1157/1157
f 1191/1191/1191 1192/1192/1192 1158/1158/1158
f 750/750/750 716/716/716 717/717/717
f 751/751/751 750/750/750 717/717/717
f 1192/1192/1192 1159/1159/1159 1158/1158/1158
f 1192/1192/1192 1193/1193/1193 1159/1159/1159
f 751/751/751 717/717/717 718/718/718
f 752/752/752 751/751/751 718/718/718
f 1193/1193/1193 1160/1160/1160 1159/1159/1159
f 1193/1193/1193 1194/1194/1194 1160/1160/1160
f 752/752/752 718/718/718 719/719/719
f 753/753/753 752/752/752 719/719/719
f 1194/1194/1194 1161/1161/1161 1160/1160/1160
f 1194/1194/1194 1195/1195/1195 1161/1161/1161
f 753/753/753 719/719/719 720/720/720
f 754/754/754 753/753/753 720/720/720
f 1195/1195/1195 1162/1162/1162 1161/1161/1161
f 1195/1195/1195 1196/1196/1196 1162/1162/1162
f 754/754/754 720/720/720 721/721/721
f 755/755/755 754/754/754 721/721/721
f 1196/1196/1196 1163/1163/1163 1162/1162/1162
f 1196/1196/1196 1197/1197/1197 1163/1163/1163
f 755/755/755 721/721/721 722/722/722
f 756/756/756 755/755/755 722/722/722
f 1197/1197/1197 1164/1164/1164 1163/1163/1163
f 1197/1197/1197 1198/1198/1198 1164/1164/1164
f 756/756/756 722/722/722 723/723/723
f 757/757/757 756/756/756 723/723/723
f 1198/1198/1198 1165/1165/1165 1164/1164/1164
f 1198/1198/1198 1199/1199/1199 1165/1165/1165
f 757/757/757 723/723/723 724/724/724
f 758/758/758 757/757/757 724/724/724
f 1199/1199/1199 1166/1166/1166 1165/1165/1165
f 1199/1199/1199 1200/1200/1200 1166/1166/1166
f 758/758/758 724/724/724 725/725/725
f 759/759/759 758/758/758 725/725/725
f 1200/1200/1200 1167/1167/1167 1166/1166/1166
f 1200/1200/1200 1201/1201/1201 1167/1167/1167
f 759/759/759 725/725/725 726/726/726
f 760/760/760 759/759/759 726/726/726
f 1201/1201/1201 1168/1168/1168 1167/1167/1167
f 1201/1201/1201 1202/1202/1202 1168/1168/1168
f 760/760/760 726/726/726 727/727/727
f 761/761/761 760/760/760 727/727/727
f 1202/1202/1202 1169/1169/1169 1168/1168/1168
f 1202/1202/1202 1203/1203/1203 1169/1169/1169
f 761/761/761 727/727/727 728/728/728
f 762/762/762 761/761/761 728/728/728
f 1203/1203/1203 1170/1170/1170 1169/1169/1169
f 1203/1203/1203 1204/1204/1204 1170/1170/1170
f 762/762/762 728/728/728 729/729/729
f 763/763/763 762/762/762 729/729/729
f 1204/1204/1204 1171/1171/1171 1170/1170/1170
f 1204/1204/1204 1205/1205/1205 1171/1171/1171
f 763/763/763 729/729/729 730/730/730
f 764/764/764 763/763/763 730/730/730
f 1205/1205/1205 1172/1172/1172 1171/1171/1171
f 1205/1205/1205 1206/1206/1206 1172/1172/1172
f 764/764/764 730/730/730 731/731/731
f 765/765/765 764/764/764 731/731/731
f 1206/1206/1206 1173/1173/1173 1172/1172/1172
f 1206/1206/1206 1207/1207/1207 1173/1173/1173
f 765/765/765 731/731/731 732/732/732
f 766/766/766 765/765/765 732/732/732
f 1207/1207/1207 1174/1174/1174 1173/1173/1173
f 1207/1207/1207 1208/1208/1208 1174/1174/1174
f 767/767/767 733/733/733 734/734/734
f 768/768/768 767/767/767 734/734/734
f 1209/1209/1209 1176/1176/1176 1175/1175/1175
f 1209/1209/1209 1210/1210/1210 1176/1176/1176
f 768/768/768 734/734/734 735/735/735
f 769/769/769 768/768/768 735/735/735
f 1210/1210/1210 1177/1177/1177 1176/1176/1176
f 1210/1210/1210 1211/1211/1211 1177/1177/1177
f 769/769/769 735/735/735 736/736/736
f 770/770/770 769/769/769 736/736/736
f 1211/1211/1211 1178/1178/1178 1177/1177/1177
f 1211/1211/1211 1212/1212/1212 1178/1178/1178
f 770/770/770 736/736/736 737/737/737
f 771/771/771 770/770/770 737/737/737
f 1212/1212/1212 1179/1179/1179 1178/1178/1178
f 1212/1212/1212 1213/1213/1213 1179/1179/1179
f 771/771/771 737/737/737 738/738/738
f 772/772/772 771/771/771 738/738/738
f 1213/1213/1213 1180/1180/1180 1179/1179/1179
f 1213/1213/1213 1214/1214/1214 1180/1180/1180
f 772/772/772 738/738/738 739/739/739
f 773/773/773 772/772/772 739/739/739
f 1214/1214/1214 1181/1181/1181 1180/1180/1180
f 1214/1214/1214 1215/1215/1215 1181/1181/1181
f 773/773/773 739/739/739 740/740/740
f 774/774/774 773/773/773 740/740/740
f 1215/1215/1215 1182/1182/1182 1181/1181/1181
f 1215/1215/1215 1216/1216/1216 1182/1182/1182
f 774/774/774 740/740/740 741/741/741
f 775/775/775 774/774/774 741/741/741
f 1216/1216/1216 1183/1183/1183 1182/1182/1182
f 1216/1216/1216 1217/1217/1217 1183/1183/1183
f 775/775/775 741/741/741 742/742/742
f 776/776/776 775/775/775 742/742/742
f 1217/1217/1217 1184/1184/1184 1183/1183/1183
f 1217/1217/1217 1218/1218/1218 1184/1184/1184
f 776/776/776 742/742/742 743/743/743
f 777/777/777 776/776/776 743/743/743
f 1218/1218/1218 1185/1185/1185 1184/1184/1184
f 1218/1218/1218 1219/1219/1219 1185/1185/1185
f 777/777/777 743/743/743 744/744/744
f 778/778/778 777/777/777 744/744/744
f 1219/1219/1219 1186/1186/1186 1185/1185/1185
f 1219/1219/1219 1220/1220/1220 1186/1186/1186
f 778/778/778 744/744/744 745/745/745
f 779/779/779 778/778/778 745/745/745
f 1220/1220/1220 1187/1187/1187 1186/1186/1186
f 1220/1220/1220 1221/1221/1221 1187/1187/1187
f 779/779/779 745/745/745 746/746/746
f 780/780/780 779/779/779 746/746/746
f 1221/1221/1221 1188/1188/1188 1187/1187/1187
f 1221/1221/1221 1222/1222/1222 1188/1188/1188
f 780/780/780 746/746/746 747/747/747
f 781/781/781 780/780/780 747/747/747
f 1222/1222/1222 1189/1189/1189 1188/1188/1188
f 1222/1222/1222 1223/1223/1223 1189/1189/1189
f 781/781/781 747/747/747 748/748/748
f 782/782/782 781/781/781 748/748/748
f 1223/1223/1223 1190/1190/1190 1189/1189/1189
f 1223/1223/1223 1224/1224/1224 1190/1190/1190
f 782/782/782 748/748/748 749/749/749
f 783/783/783 782/782/782 749/749/749
f 1224/1224/1224 1191/1191/1191 1190/1190/1190
f 1224/1224/1224 1225/1225/1225 1191/1191/1191
f 783/783/783 749/749/749 750/750/750
f 784/784/784 783/783/783 750/750/750
f 1225/1225/1225 1192/1192/1192 1191/1191/1191
f 1225/1225/1225 1226/1226/1226 1192/1192/1192
f 784/784/784 750/750/750 751/751/751
f 785/785/785 784/784/784 751/751/751
f 1226/1226/1226 1193/1193/1193 1192/1192/1192
f 1226/1226/1226 1227/1227/1227 1193/1193/1193
f 785/785/785 751/751/751 752/752/752
f 786/786/786 785/785/785 752/752/752
f 1227/1227/1227 1194/1194/1194 1193/1193/1193
f 1227/1227/1227 1228/1228/1228 1194/1194/1194
f 786/786/786 752/752/752 753/753/753
f 787/787/787 786/786/786 753/753/753
f 1228/1228/1228 1195/1195/1195 1194/1194/1194
f 1228/1228/1228 1229/1229/1229 1195/1195/1195
f 787/787/787 753/753/753 754/754/754
f 788/788/788 787/787/787 754/754/754
f 1229/1229/1229 1196/1196/1196 1195/1195/1195
f 1229/1229/1229 1230/1230/1230 1196/1196/1196
f 788/788/788 754/754/754 755/755/755
f 789/789/789 788/788/788 755/755/755
f 1230/1230/1230 1197/1197/1197 1196/1196/1196
f 1230/1230/1230 1231/1231/1231 1197/1197/1197
f 789/789/789 755/755/755 756/756/756
f 790/790/790 789/789/789 756/756/756
f 1231/1231/1231 1198/1198/1198 1197/1197/1197
f 1231/1231/1231 1232/1232/1232 1198/1198/1198
f 790/790/790 756/756/756 757/757/757
f 791/791/791 790/790/790 757/757/757
f 1232/1232/1232 1199/1199/1199 1198/1198/1198
f 1232/1232/1232 1233/1233/1233 1199/1199/1199
f 791/791/791 757/757/757 758/758/758
f 792/792/792 791/791/791 758/758/758
f 1233/1233/1233 1200/1200/1200 1199/1199/1199
f 1233/1233/1233 1234/1234/1234 1200/1200/1200
f 792/792/792 758/758/758 759/759/759
f 793/793/793 792/792/792 759/759/759
f 1234/1234/1234 1201/1201/1201 1200/1200/1200
f 1234/1234/1234 1235/1235/1235 1201/1201/1201
f 793/793/793 759/759/759 760/760/760
f 794/794/794 793/793/793 760/760/760
f 1235/1235/1235 1202/1202/1202 1201/1201/1201
f 1235/1235/1235 1236/1236/1236 1202/1202/1202
f 794/794/794 760/760/760 761/761/761
f 795/795/795 794/794/794 761/761/761
f 1236/1236/1236 1203/1203/1203 1202/1202/1202
f 1236/1236/1236 1237/1237/1237 1203/1203/1203
f 795/795/795 761/761/761 762/762/762
f 796/796/796 795/795/795 762/762/762
f 1237/1237/1237 1204/1204/1204 1203/1203/1203
f 1237/1237/1237 1238/1238/1238 1204/1204/1204
f 796/796/796 762/762/762 763/763/763
f 797/797/797 796/796/796 763/763/763
f 1238/1238/1238 1205/1205/1205 1204/1204/1204
f 1238/1238/1238 1239/1239/1239 1205/1205/1205
f 797/797/797 763/763/763 764/764/764
f 798/798/798 797/797/797 764/764/764
f 1239/1239/1239 1206/1206/1206 1205/1205/1205
f 1239/1239/1239 1240/1240/1240 1206/1206/1206
f 798/798/798 764/764/764 765/765/765
f 799/799/799 798/798/798 765/765/765
f 1240/1240/1240 1207/1207/1207 1206/1206/1206
f 1240/1240/1240 1241/1241/1241 1207/1207/1207
f 799/799/799 765/765/765 766/766/766
f 800/800/800 799/799/799 766/766/766
f 1241/1241/1241 1208/1208/1208 1207/1207/1207
f 1241/1241/1241 1242/1242/1242 1208/1208/1208
f 801/801/801 767/767/767 768/768/768
f 802/802/802 801/801/801 768/768/768
f 1243/1243/1243 1210/1210/1210 1209/1209/1209
f 1243/1243/1243 1244/1244/1244 1210/1210/1210
f 802/802/802 768/768/768 769/769/769
f 803/803/803 802/802/802 769/769/769
f 1244/1244/1244 1211/1211/1211 1210/1210/1210
f 1244/1244/1244 1245/1245/1245 1211/1211/1211
f 803/803/803 769/769/769 770/770/770
f 804/804/804 803/803/803 770/770/770
f 1245/1245/1245 1212/1212/1212 1211/1211/1211
f 1245/1245/1245 1246/1246/1246 1212/1212/1212
f 804/804/804 770/770/770 771/771/771
f 805/805/805 804/804/804 771/771/771
f 1246/1246/1246 1213/1213/1213 1212/1212/1212
f 1246/1246/1246 1247/1247/1247 1213/1213/1213
f 805/805/805 771/771/771 772/772/772
f 806/806/806 805/805/805 772/772/772
f 1247/1247/1247 1214/1214/1214 1213/1213/1213
f 1247/1247/1247 1248/1248/1248 1214/1214/1214
f 806/806/806 772/772/772 773/773/773
f 807/807/807 806/806/806 773/773/773
f 1248/1248/1248 1215/1215/1215 1214/1214/1214
f 1248/1248/1248 1249/1249/1249 1215/1215/1215
f 807/807/807 773/773/773 774/774/774
f 808/808/808 807/807/807 774/774/774
f 1249/1249/1249 1216/1216/1216 1215/1215/1215
f 1249/1249/1249 1250/1250/1250 1216/1216/1216
f 808/808/808 774/774/774 775/775/775
f 809/809/809 808/808/808 775/775/775
f 1250/1250/1250 1217/1217/1217 1216/1216/1216
f 1250/1250/1250 1251/1251/1251 1217/1217/1217
f 809/809/809 775/775/775 776/776/776
f 810/810/810 809/809/809 776/776/776
f 1251/1251/1251 1218/1218/1218 1217/1217/1217
f 1251/1251/1251 1252/1252/1252 1218/1218/1218
f 810/810/810 776/776/776 777/777/777
f 811/811/811 810/810/810 777/777/777
f 1252/1252/1252 1219/1219/1219 1218/1218/1218
f 1252/1252/1252 1253/1253/1253 1219/1219/1219
f 811/811/811 777/777/777 778/778/778
f 812/812/812 811/811/811 778/778/778
f 1253/1253/1253 1220/1220/1220 1219/1219/1219
f 1253/1253/1253 1254/1254/1254 1220/1220/1220
f 812/812/812 778/778/778 779/779/779
f 813/813/813 812/812/812 779/779/779
f 1254/1254/1254 1221/1221/1221 1220/1220/1220
f 1254/1254/1254 1255/1255/1255 1221/1221/1221
f 813/813/813 779/779/779 780/780/780
f 814/814/814 813/813/813 780/780/780
f 1255/1255/1255 1222/1222/1222 1221/1221/1221
f 1255/1255/1255 1256/1256/1256 1222/1222/1222
f 814/814/814 780/780/780 781/781/781
f 815/815/815 814/814/814 781/781/781
f 1256/1256/1256 1223/1223/1223 1222/1222/1222
f 1256/1256/1256 1257/1257/1257 1223/1223/1223
f 815/815/815 781/781/781 782/782/782
f 816/816/816 815/815/815 782/782/782
f 1257/1257/1257 1224/1224/1224 1223/1223/1223
f 1257/1257/1257 1258/1258/1258 1224/1224/1224
f 816/816/816 782/782/782 783/783/783
f 817/817/817 816/816/816 783/783/783
f 1258/1258/1258 1225/1225/1225 1224/1224/1224
f 1258/1258/1258 1259/1259/1259 1225/1225/1225
f 817/817/817 783/783/783 784/784/784
f 818/818/818 817/817/817 784/784/784
f 1259/1259/1259 1226/1226/1226 1225/1225/1225
f 1259/1259/1259 1260/1260/1260 1226/1226/1226
f 818/818/818 784/784/784 785/785/785
f 819/819/819 818/818/818 785/785/785
f 1260/1260/1260 1227/1227/1227 1226/1226/1226
f 1260/1260/1260 1261/1261/1261 1227/1227/1227
f 819/819/819 785/785/785 786/786/786
f 820/820/820 819/819/819 786/786/786
f 1261/1261/1261 1228/1228/1228 1227/1227/1227
f 1261/1261/1261 1262/1262/1262 1228/1228/1228
f 820/820/820 786/786/786 787/787/787
f 821/821/821 820/820/820 787/787/787
f 1262/1262/1262 1229/1229/1229 1228/1228/1228
f 1262/1262/1262 1263/1263/1263 1229/1229/1229
f 821/821/821 787/787/787 788/788/788
f 822/822/822 821/821/821 788/788/788
f 1263/1263/1263 1230/1230/1230 1229/1229/1229
f 1263/1263/1263 1264/1264/1264 1230/1230/1230
f 822/822/822 788/788/788 789/789/789
f 823/823/823 822/822/822 789/789/789
f 1264/1264/1264 1231/1231/1231 1230/1230/1230
f 1264/1264/1264 1265/1265/1265 1231/1231/1231
f 823/823/823 789/789/789 790/790/790
f 824/824/824 823/823/823 790/790/790
f 1265/1265/1265 1232/1232/1232 1231/1231/1231
f 1265/1265/1265 1266/1266/1266 1232/1232/1232
f 824/824/824 790/790/790 791/791/791
f 825/825/825 824/824/824 791/791/791
f 1266/1266/1266 1233/1233/1233 1232/1232/1232
f 1266/1266/1266 1267/1267/1267 1233/1233/1233
f 825/825/825 791/791/791 792/792/792
f 826/826/826 825/825/825 792/792/792
f 1267/1267/1267 1234/1234/1234 1233/1233/1233
f 1267/1267/1267 1268/1268/1268 1234/1234/1234
f 826/826/826 792/792/792 793/793/793
f 827/827/827 826/826/826 793/793/793
f 1268/1268/1268 1235/1235/1235 1234/1234/1234
f 1268/1268/1268 1269/1269/1269 1235/1235/1235
f 827/827/827 793/793/793 794/794/794
f 828/828/828 827/827/827 794/794/794
f 1269/1269/1269 1236/1236/1236 1235/1235/1235
f 1269/1269/1269 1270/1270/1270 1236/1236/1236
f 828/828/828 794/794/794 795/795/795
f 829/829/829 828/828/828 795/795/795
f 1270/1270/1270 1237/1237/1237 1236/1236/1236
f 1270/1270/1270 1271/1271/1271 1237/1237/1237
f 829/829/829 795/795/795 796/796/796
f 830/830/830 829/829/829 796/796/796
f 1271/1271/1271 1238/1238/1238 1237/1237/1237
f 1271/1271/1271 1272/1272/1272 1238/1238/1238
f 830/830/830 796/796/796 797/797/797
f 831/831/831 830/830/830 797/797/797
f 1272/1272/1272 1239/1239/1239 1238/1238/1238
f 1272/1272/1272 1273/1273/1273 1239/1239/1239
f 831/831/831 797/797/797 798/798/798
f 832/832/832 831/831/831 798/798/798
f 1273/1273/1273 1240/1240/1240 1239/1239/1239
f 1273/1273/1273 1274/1274/1274 1240/1240/1240
f 832/832/832 798/798/798 799/799/799
f 833/833/833 832/832/832 799/799/799
f 1274/1274/1274 1241/1241/1241 1240/1240/1240
f 1274/1274/1274 1275/1275/1275 1241/1241/1241
f 833/833/833 799/799/799 800/800/800
f 834/834/834 833/833/833 800/800/800
f 1275/1275/1275 1242/1242/1242 1241/1241/1241
f 1275/1275/1275 1276/1276/1276 1242/1242/1242
f 835/835/835 801/801/801 802/802/802
f 836/836/836 835/835/835 802/802/802
f 1277/1277/1277 1244/1244/1244 1243/1243/1243
f 1277/1277/1277 1278/1278/1278 1244/1244/1244
f 836/836/836 802/802/802 803/803/803
f 837/837/837 836/836/836 803/803/803
f 1278/1278/1278 1245/1245/1245 1244/1244/1244
f 1278/1278/1278 1279/1279/1279 1245/1245/1245
f 837/837/837 803/803/803 804/804/804
f 838/838/838 837/837/837 804/804/804
f 1279/1279/1279 1246/1246/1246 1245/1245/1245
f 1279/1279/1279 1280/1280/1280 1246/1246/1246
f 838/838/838 804/804/804 805/805/805
f 839/839/839 838/838/838 805/805/805
f 1280/1280/1280 1247/1247/1247 1246/1246/1246
f 1280/1280/1280 1281/1281/1281 1247/1247/1247
f 839/839/839 805/805/805 806/806/806
f 840/840/840 839/839/839 806/806/806
f 1281/1281/1281 1248/1248/1248 1247/1247/1247
f 1281/1281/1281 1282/1282/1282 1248/1248/1248
f 840/840/840 806/806/806 807/807/807
f 841/841/841 840/840/840 807/807/807
f 1282/1282/1282 1249/1249/1249 1248/1248/1248
f 1282/1282/1282 1283/1283/1283 1249/1249/1249
f 841/841/841 807/807/807 808/808/808
f 842/842/842 841/841/841 808/808/808
f 1283/1283/1283 1250/1250/1250 1249/1249/1249
f 1283/1283/1283 1284/1284/1284 1250/1250/1250
f 842/842/842 808/808/808 809/809/809
f 843/843/843 842/842/842 809/809/809
f 1284/1284/1284 1251/1251/1251 1250/1250/1250
f 1284/1284/1284 1285/1285/1285 1251/1251/1251
f 843/843/843 809/809/809 810/810/810
f 844/844/844 843/843/843 810/810/810
f 1285/1285/1285 1252/1252/1252 1251/1251/1251
f 1285/1285/1285 1286/1286/1286 1252/1252/1252
f 844/844/844 810/810/810 811/811/811
f 845/845/845 844/844/844 811/811/811
f 1286/1286/1286 1253/1253/1253 1252/1252/1252
f 1286/1286/1286 1287/1287/1287 1253/1253/1253
f 845/845/845 811/811/811 812/812/812
f 846/846/846 845/845/845 812/812/812
f 1287/1287/1287 1254/1254/1254 1253/1253/1253
f 1287/1287/1287 1288/1288/1288 1254/1254/1254
f 846/846/846 812/812/812 813/813/813
f 847/847/847 846/846/846 813/813/813
f 1288/1288/1288 1255/1255/1255 1254/1254/1254
f 1288/1288/1288 1289/1289/1289 1255/1255/1255
f 847/847/847 813/813/813 814/814/814
f 848/848/848 847/847/847 814/814/814
f 1289/1289/1289 1256/1256/1256 1255/1255/1255
f 1289/1289/1289 1290/1290/1290 1256/1256/1256
f 848/848/848 814/814/814 815/815/815
f 849/849/849 848/848/848 815/815/815
f 1290/1290/1290 1257/1257/1257 1256/1256/1256
f 1290/1290/1290 1291/1291/1291 1257/1257/1257
f 849/849/849 815/815/815 816/816/816
f 850/850/850 849/849/849 816/816/816
f 1291/1291/1291 1258/1258/1258 1257/1257/1257
f 1291/1291/1291 1292/1292/1292 1258/1258/1258
f 850/850/850 816/816/816 817/817/817
f 851/851/851 850/850/850 817/817/817
f 1292/1292/1292 1259/1259/1259 1258/1258/1258
f 1292/1292/1292 1293/1293/1293 1259/1259/1259
f 851/851/851 817/817/817 818/818/818
f 852/852/852 851/851/851 818/818/818
f 1293/1293/1293 1260/1260/1260 1259/1259/1259
f 1293/1293/1293 1294/1294/1294 1260/1260/1260
f 852/852/852 818/818/818 819/819/819
f 853/853/853 852/852/852 819/819/819
f 1294/1294/1294 1261/1261/1261 1260/1260/1260
f 1294/1294/1294 1295/1295/1295 1261/1261/1261
f 853/853/853 819/819/819 820/820/820
f 854/854/854 853/853/853 820/820/820
f 1295/1295/1295 1262/1262/1262 1261/1261/1261
f 1295/1295/1295 1296/1296/1296 1262/1262/1262
f 854/854/854 820/820/820 821/821/821
f 855/855/855 854/854/854 821/821/821
f 1296/1296/1296 1263/1263/1263 1262/1262/1262
f 1296/1296/1296 1297/1297/1297 1263/1263/1263
f 855/855/855 821/821/821 822/822/822
f 856/856/856 855/855/855 822/822/822
f 1297/1297/1297 1264/1264/1264 1263/1263/1263
f 1297/1297/1297 1298/1298/1298 1264/1264/1264
f 856/856/856 822/822/822 823/823/823
f 857/857/857 856/856/856 823/823/823
f 1298/1298/1298 1265/1265/1265 1264/1264/1264
f 1298/1298/1298 1299/1299/1299 1265/1265/1265
f 857/857/857 823/823/823 824/824/824
f 858/858/858 857/857/857 824/824/824
f 1299/1299/1299 1266/1266/1266 1265/1265/1265
f 1299/1299/1299 1300/1300/1300 1266/1266/1266
f 858/858/858 824/824/824 825/825/825
f 859/859/859 858/858/858 825/825/825
f 1300/1300/1300 1267/1267/1267 1266/1266/1266
f 1300/1300/1300 1301/1301/1301 1267/1267/1267
f 859/859/859 825/825/825 826/826/826
f 860/860/860 859/859/859 826/826/826
f 1301/1301/1301 1268/1268/1268 1267/1267/1267
f 1301/1301/1301 1302/1302/1302 1268/1268/1268
f 860/860/860 826/826/826 827/827/827
f 861/861/861 860/860/860 827/827/827
f 1302/1302/1302 1269/1269/1269 1268/1268/1268
f 1302/1302/1302 1303/1303/1303 1269/1269/1269
f 861/861/861 827/827/827 828/828/828
f 862/862/862 861/861/861 828/828/828
f 1303/1303/1303 1270/1270/1270 1269/1269/1269
f 1303/1303/1303 1304/1304/1304 1270/1270/1270
f 862/862/862 828/828/828 829/829/829
f 863/863/863 862/862/862 829/829/829
f 1304/1304/1304 1271/1271/1271 1270/1270/1270
f 1304/1304/1304 1305/1305/1305 1271/1271/1271
f 863/863/863 829/829/829 830/830/830
f 864/864/864 863/863/863 830/830/830
f 1305/1305/1305 1272/1272/1272 1271/1271/1271
f 1305/1305/1305 1306/1306/1306 1272/1272/1272
f 864/864/864 830/830/830 831/831/831
f 865/865/865 864/864/864 831/831/831
f 1306/1306/1306 1273/1273/1273 1272/1272/1272
f 1306/1306/1306 1307/1307/1307 1273/1273/1273
f 865/865/865 831/831/831 832/832/832
f 866/866/866 865/865/865 832/832/832
f 1307/1307/1307 1274/1274/1274 1273/1273/1273
f 1307/1307/1307 1308/1308/1308 1274/1274/1274
f 866/866/866 832/832/832 833/833/833
f 867/867/867 866/866/866 833/833/833
f 1308/1308/1308 1275/1275/1275 1274/1274/1274
f 1308/1308/1308 1309/1309/1309 1275/1275/1275
f 867/867/867 833/833/833 834/834/834
f 868/868/868 867/867/867 834/834/834
f 1309/1309/1309 1276/1276/1276 1275/1275/1275
f 1309/1309/1309 1310/1310/1310 1276/1276/1276
f 869/869/869 835/835/835 836/836/836
f 870/870/870 869/869/869 836/836/836
f 1311/1311/1311 1278/1278/1278 1277/1277/1277
f 1311/1311/1311 1312/1312/1312 1278/1278/1278
f 870/870/870 836/836/836 837/837/837
f 871/871/871 870/870/870 837/837/837
f 1312/1312/1312 1279/1279/1279 1278/1278/1278
f 1312/1312/1312 1313/1313/1313 1279/1279/1279
f 871/871/871 837/837/837 838/838/838
f 872/872/872 871/871/871 838/838/838
f 1313/1313/1313 1280/1280/1280 1279/1279/1279
f 1313/1313/1313 1314/1314/1314 1280/1280/1280
f 872/872/872 838/838/838 839/839/839
f 873/873/873 872/872/872 839/839/839
f 1314/1314/1314 1281/1281/1281 1280/1280/1280
f 1314/1314/1314 1315/1315/1315 1281/1281/1281
f 873/873/873 839/839/839 840/840/840
f 874/874/874 873/873/873 840/840/840
f 1315/1315/1315 1282/1282/1282 1281/1281/1281
f 1315/1315/1315 1316/1316/1316 1282/1282/1282
f 874/874/874 840/840/840 841/841/841
f 875/875/875 874/874/874 841/841/841
f 1316/1316/1316 1283/1283/1283 1282/1282/1282
f 1316/1316/1316 1317/1317/1317 1283/1283/1283
f 875/875/875 841/841/841 842/842/842
f 876/876/876 875/875/875 842/842/842
f 1317/1317/1317 1284/1284/1284 1283/1283/1283
f 1317/1317/1317 1318/1318/1318 1284/1284/1284
f 876/876/876 842/842/842 843/843/843
f 877/877/877 876/876/876 843/843/843
f 1318/1318/1318 1285/1285/1285 1284/1284/1284
f 1318/1318/1318 1319/1319/1319 1285/1285/1285
f 877/877/877 843/843/843 844/844/844
f 878/878/878 877/877/877 844/844/844
f 1319/1319/1319 1286/1286/1286 1285/1285/1285
f 1319/1319/1319 1320/1320/1320 1286/1286/1286
f 878/878/878 844/844/844 845/845/845
f 879/879/879 878/878/878 845/845/845
f 1320/1320/1320 1287/1287/1287 1286/1286/1286
f 1320/1320/1320 1321/1321/1321 1287/1287/1287
f 879/879/879 845/845/845 846/846/846
f 880/880/880 879/879/879 846/846/846
f 1321/1321/1321 1288/1288/1288 1287/1287/1287
f 1321/1321/1321 1322/1322/1322 1288/1288/1288
f 880/880/880 846/846/846 847/847/847
f 881/881/881 880/880/880 847/847/847
f 1322/1322/1322 1289/1289/1289 1288/1288/1288
f 1322/1322/1322 1323/1323/1323 1289/1289/1289
f 881/881/881 847/847/847 848/848/848
f 882/882/882 881/881/881 848/848/848
f 1323/1323/1323 1290/1290/1290 1289/1289/1289
f 1323/1323/1323 1324/1324/1324 1290/1290/1290
f 882/882/882 848/848/848 849/849/849
f 883/883/883 882/882/882 849/849/849
f 1324/1324/1324 1291/1291/1291 1290/1290/1290
f 1324/1324/1324 1325/1325/1325 1291/1291/1291
f 883/883/883 849/849/849 850/850/850
f 884/884/884 883/883/883 850/850/850
f 1325/1325/1325 1292/1292/1292 1291/1291/1291
f 1325/1325/1325 1326/1326/1326 1292/1292/1292
f 884/884/884 850/850/850 851/851/851
f 885/885/885 884/884/884 851/851/851
f 1326/1326/1326 1293/1293/1293 1292/1292/1292
f 1326/1326/1326 1327/1327/1327 1293/1293/1293
f 885/885/885 851/851/851 852/852/852
f 886/886/886 885/885/885 852/852/852
f 1327/1327/1327 1294/1294/1294 1293/1293/1293
f 1327/1327/1327 1328/1328/1328 1294/1294/1294
f 886/886/886 852/852/852 853/853/853
f 887/887/887 886/886/886 853/853/853
f 1328/1328/1328 1295/1295/1295 1294/1294/1294
f 1328/1328/1328 1329/1329/1329 1295/1295/1295
f 887/887/887 853/853/853 854/854/854
f 888/888/888 887/887/887 854/854/854
f 1329/1329/1329 1296/1296/1296 1295/1295/1295
f 1329/1329/1329 1330/1330/1330 1296/1296/1296
f 888/888/888 854/854/854 855/855/855
f 889/889/889 888/888/888 855/855/855
f 1330/1330/1330 1297/1297/1297 1296/1296/1296
f 1330/1330/1330 1331/1331/1331 1297/1297/1297
f 889/889/889 855/855/855 856/856/856
f 890/890/890 889/889/889 856/856/856
f 1331/1331/1331 1298/1298/1298 1297/1297/1297
f 1331/1331/1331 1332/1332/1332 1298/1298/1298
f 890/890/890 856/856/856 857/857/857
f 891/891/891 890/890/890 857/857/857
f 1332/1332/1332 1299/1299/1299 1298/1298/1298
f 1332/1332/1332 1333/1333/1333 1299/1299/1299
f 891/891/891 857/857/857 858/858/858
f 892/892/892 891/891/891 858/858/858
f 1333/1333/1333 1300/1300/1300 1299/1299/1299
f 1333/1333/1333 1334/1334/1334 1300/1300/1300
f 892/892/892 858/858/858 859/859/859
f 893/893/893 892/892/892 859/859/859
f 1334/1334/1334 1301/1301/1301 1300/1300/1300
f 1334/1334/1334 1335/1335/1335 1301/1301/1301
f 893/893/893 859/859/859 860/860/860
f 894/894/894 893/893/893 860/860/860
f 1335/1335/1335 1302/1302/1302 1301/1301/1301
f 1335/1335/1335 1336/1336/1336 1302/1302/1302
f 894/894/894 860/860/860 861/861/861
f 895/895/895 894/894/894 861/861/861
f 1336/1336/1336 1303/1303/1303 1302/1302/1302
f 1336/1336/1336 1337/1337/1337 1303/1303/1303
f 895/895/895 861/861/861 862/862/862
f 896/896/896 895/895/895 862/862/862
f 1337/1337/1337 1304/1304/1304 1303/1303/1303
f 1337/1337/1337 1338/1338/1338 1304/1304/1304
f 896/896/896 862/862/862 863/863/863
f 897/897/897 896/896/896 863/863/863
f 1338/1338/1338 1305/1305/1305 1304/1304/1304
f 1338/1338/1338 1339/1339/1339 1305/1305/1305
f 897/897/897 863/863/863 864/864/864
f 898/898/898 897/897/897 864/864/864
f 1339/1339/1339 1306/1306/1306 1305/1305/1305
f 1339/1339/1339 1340/1340/1340 1306/1306/1306
f 898/898/898 864/864/864 865/865/865
f 899/899/899 898/898/898 865/865/865
f 1340/1340/1340 1307/1307/1307 1306/1306/1306
f 1340/1340/1340 1341/1341/1341 1307/1307/1307
f 899/899/899 865/865/865 866/866/866
f 900/900/900 899/899/899 866/866/866
f 1341/1341/1341 1308/1308/1308 1307/1307/1307
f 1341/1341/1341 1342/1342/1342 1308/1308/1308
f 900/900/900 866/866/866 867/867/867
f 901/901/901 900/900/900 867/867/867
f 1342/1342/1342 1309/1309/1309 1308/1308/1308
f 1342/1342/1342 1343/1343/1343 1309/1309/1309
f 901/901/901 867/867/867 868/868/868
f 902/902/902 901/901/901 868/868/868
f 1343/1343/1343 1310/1310/1310 1309/1309/1309
f 1343/1343/1343 1344/1344/1344 1310/1310/1310
f 903/903/903 869/869/869 870/870/870
f 904/904/904 903/903/903 870/870/870
f 1345/1345/1345 1312/1312/1312 1311/1311/1311
f 1345/1345/1345 1346/1346/1346 1312/1312/1312
f 904/904/904 870/870/870 871/871/871
f 905/905/905 904/904/904 871/871/871
f 1346/1346/1346 1313/1313/1313 1312/1312/1312
f 1346/1346/1346 1347/1347/1347 1313/1313/1313
f 905/905/905 871/871/871 872/872/872
f 906/906/906 905/905/905 872/872/872
f 1347/1347/1347 1314/1314/1314 1313/1313/1313
f 1347/1347/1347 1348/1348/1348 1314/1314/1314
f 906/906/906 872/872/872 873/873/873
f 907/907/907 906/906/906 873/873/873
f 1348/1348/1348 1315/1315/1315 1314/1314/1314
f 1348/1348/1348 1349/1349/1349 1315/1315/1315
f 907/907/907 873/873/873 874/874/874
f 908/908/908 907/907/907 874/874/874
f 1349/1349/1349 1316/1316/1316 1315/1315/1315
f 1349/1349/1349 1350/1350/1350 1316/1316/1316
f 908/908/908 874/874/874 875/875/875
f 909/909/909 908/908/908 875/875/875
f 1350/1350/1350 1317/1317/1317 1316/1316/1316
f 1350/1350/1350 1351/1351/1351 1317/1317/1317
f 909/909/909 875/875/875 876/876/876
f 910/910/910 909/909/909 876/876/876
f 1351/1351/1351 1318/1318/1318 1317/1317/1317
f 1351/1351/1351 1352/1352/1352 1318/1318/1318
f 910/910/910 876/876/876 877/877/877
f 911/911/911 910/910/910 877/877/877
f 1352/1352/1352 1319/1319/1319 1318/1318/1318
f 1352/1352/1352 1353/1353/1353 1319/1319/1319
f 911/911/911 877/877/877 878/878/878
f 912/912/912 911/911/911 878/878/878
f 1353/1353/1353 1320/1320/1320 1319/1319/1319
f 1353/1353/1353 1354/1354/1354 1320/1320/1320
f 912/912/912 878/878/878 879/879/879
f 913/913/913 912/912/912 879/879/879
f 1354/1354/1354 1321/1321/1321 1320/1320/1320
f 1354/1354/1354 1355/1355/1355 1321/1321/1321
f 913/913/913 879/879/879 880/880/880
f 914/914/914 913/913/913 880/880/880
f 1355/1355/1355 1322/1322/1322 1321/1321/1321
f 1355/1355/1355 1356/1356/1356 1322/1322/1322
f 914/914/914 880/880/880 881/881/881
f 915/915/915 914/914/914 881/881/881
f 1356/1356/1356 1323/1323/1323 1322/1322/1322
f 1356/1356/1356 1357/1357/1357 1323/1323/1323
f 915/915/915 881/881/881 882/882/882
f 916/916/916 915/915/915 882/882/882
f 1357/1357/1357 1324/1324/1324 1323/1323/1323
f 1357/1357/1357 1358/1358/1358 1324/1324/1324
f 916/916/916 882/882/882 883/883/883
f 917/917/917 916/916/916 883/883/883
f 1358/1358/1358 1325/1325/1325 1324/1324/1324
f 1358/1358/1358 1359/1359/1359 1325/1325/1325
f 917/917/917 883/883/883 884/884/884
f 918/918/918 917/917/917 884/884/884
f 1359/1359/1359 1326/1326/1326 1325/1325/1325
f 1359/1359/1359 1360/1360/1360 1326/1326/1326
f 918/918/918 884/884/884 885/885/885
f 919/919/919 918/918/918 885/885/885
f 1360/1360/1360 1327/1327/1327 1326/1326/1326
f 1360/1360/1360 1361/1361/1361 1327/1327/1327
f 919/919/919 885/885/885 886/886/886
f 920/920/920 919/919/919 886/886/886
f 1361/1361/1361 1328/1328/1328 1327/1327/1327
f 1361/1361/1361 1362/1362/1362 1328/1328/1328
f 920/920/920 886/886/886 887/887/887
f 921/921/921 920/920/920 887/887/887
f 1362/1362/1362 1329/1329/1329 1328/1328/1328
f 1362/1362/1362 1363/1363/1363 1329/1329/1329
f 921/921/921 887/887/887 888/888/888
f 922/922/922 921/921/921 888/888/888
f 1363/1363/1363 1330/1330/1330 1329/1329/1329
f 1363/1363/1363 1364/1364/1364 1330/1330/1330
f 922/922/922 888/888/888 889/889/889
f 923/923/923 922/922/922 889/889/889
f 1364/1364/1364 1331/1331/1331 1330/1330/1330
f 1364/1364/1364 1365/1365/1365 1331/1331/1331
f 923/923/923 889/889/889 890/890/890
f 924/924/924 923/923/923 890/890/890
f 1365/1365/1365 1332/1332/1332 1331/1331/1331
f 1365/1365/1365 1366/1366/1366 1332/1332/1332
f 924/924/924 890/890/890 891/891/891
f 925/925/925 924/924/924 891/891/891
f 1366/1366/1366 1333/1333/1333 1332/1332/1332
f 1366/1366/1366 1367/1367/1367 1333/1333/1333
f 925/925/925 891/891/891 892/892/892
f 926/926/926 925/925/925 892/892/892
f 1367/1367/1367 1334/1334/1334 1333/1333/1333
f 1367/1367/1367 1368/1368/1368 1334/1334/1334
f 926/926/926 892/892/892 893/893/893
f 927/927/927 926/926/926 893/893/893
f 1368/1368/1368 1335/1335/1335 1334/1334/1334
f 1368/1368/1368 1369/1369/1369 1335/1335/1335
f 927/927/927 893/893/893 894/894/894
f 928/928/928 927/927/927 894/894/894
f 1369/1369/1369 1336/1336/1336 1335/1335/1335
f 1369/1369/1369 1370/1370/1370 1336/1336/1336
f 928/928/928 894/894/894 895/895/895
f 929/929/929 928/928/928 895/895/895
f 1370/1370/1370 1337/1337/1337 1336/1336/1336
f 1370/1370/1370 1371/1371/1371 1337/1337/1337
f 929/929/929 895/895/895 896/896/896
f 930/930/930 929/929/929 896/896/896
f 1371/1371/1371 1338/1338/1338 1337/1337/1337
f 1371/1371/1371 1372/1372/1372 1338/1338/1338
f 930/930/930 896/896/896 897/897/897
f 931/931/931 930/930/930 897/897/897
f 1372/1372/1372 1339/1339/1339 1338/1338/1338
f 1372/1372/1372 1373/1373/1373 1339/1339/1339
f 931/931/931 897/897/897 898/898/898
f 932/932/932 931/931/931 898/898/898
f 1373/1373/1373 1340/1340/1340 1339/1339/1339
f 1373/1373/1373 1374/1374/1374 1340/1340/1340
f 932/932/932 898/898/898 899/899/899
f 933/933/933 932/932/932 899/899/899
f 1374/1374/1374 1341/1341/1341 1340/1340/1340
f 1374/1374/1374 1375/1375/1375 1341/1341/1341
f 933/933/933 899/899/899 900/900/900
f 934/934/934 933/933/933 900/900/900
f 1375/1375/1375 1342/1342/1342 1341/1341/1341
f 1375/1375/1375 1376/1376/1376 1342/1342/1342
f 934/934/934 900/900/900 901/901/901
f 935/935/935 934/934/934 901/901/901
f 1376/1376/1376 1343/1343/1343 1342/1342/1342
f 1376/1376/1376 1377/1377/1377 1343/1343/1343
f 935/935/935 901/901/901 902/902/902
f 936/936/936 935/935/935 902/902/902
f 1377/1377/1377 1344/1344/1344 1343/1343/1343
f 1377/1377/1377 1378/1378/1378 1344/1344/1344
f 937/937/937 903/903/903 904/904/904
f 938/938/938 937/937/937 904/904/904
f 1379/1379/1379 1346/1346/1346 1345/1345/1345
f 1379/1379/1379 1380/1380/1380 1346/1346/1346
f 938/938/938 904/904/904 905/905/905
f 939/939/939 938/938/938 905/905/905
f 1380/1380/1380 1347/1347/1347 1346/1346/1346
f 1380/1380/1380 1381/1381/1381 1347/1347/1347
f 939/939/939 905/905/905 906/906/906
f 940/940/940 939/939/939 906/906/906
f 1381/1381/1381 1348/1348/1348 1347/1347/1347
f 1381/1381/1381 1382/1382/1382 1348/1348/1348
f 940/940/940 906/906/906 907/907/907
f 941/941/941 940/940/940 907/907/907
f 1382/1382/1382 1349/1349/1349 1348/1348/1348
f 1382/1382/1382 1383/1383/1383 1349/1349/1349
f 941/941/941 907/907/907 908/908/908
f 942/942/942 941/941/941 908/908/908
f 1383/1383/1383 1350/1350/1350 1349/1349/1349
f 1383/1383/1383 1384/1384/1384 1350/1350/1350
f 942/942/942 908/908/908 909/909/909
f 943/943/943 942/942/942 909/909/909
f 1384/1384/1384 1351/1351/1351 1350/1350/1350
f 1384/1384/1384 1385/1385/1385 1351/1351/1351
f 943/943/943 909/909/909 910/910/910
f 944/944/944 943/943/943 910/910/910
f 1385/1385/1385 1352/1352/1352 1351/1351/1351
f 1385/1385/1385 1386/1386/1386 1352/1352/1352
f 944/944/944 910/910/910 911/911/911
f 945/945/945 944/944/944 911/911/911
f 1386/1386/1386 1353/1353/1353 1352/1352/1352
f 1386/1386/1386 1387/1387/1387 1353/1353/1353
f 945/945/945 911/911/911 912/912/912
f 946/946/946 945/945/945 912/912/912
f 1387/1387/1387 1354/1354/1354 1353/1353/1353
f 1387/1387/1387 1388/1388/1388 1354/1354/1354
f 946/946/946 912/912/912 913/913/913
f 947/947/947 946/946/946 913/913/913
f 1388/1388/1388 1355/1355/1355 1354/1354/1354
f 1388/1388/1388 1389/1389/1389 1355/1355/1355
f 947/947/947 913/913/913 914/914/914
f 948/948/948 947/947/947 914/914/914
f 1389/1389/1389 1356/1356/1356 1355/1355/1355
f 1389/1389/1389 1390/1390/1390 1356/1356/1356
f 948/948/948 914/914/914 915/915/915
f 949/949/949 948/948/948 915/915/915
f 1390/1390/1390 1357/1357/1357 1356/1356/1356
f 1390/1390/1390 1391/1391/1391 1357/1357/1357
f 949/949/949 915/915/915 916/916/916
f 950/950/950 949/949/949 916/916/916
f 1391/1391/1391 1358/1358/1358 1357/1357/1357
f 1391/1391/1391 1392/1392/1392 1358/1358/1358
f 950/950/950 916/916/916 917/917/917
f 951/951/951 950/950/950 917/917/917
f 1392/1392/1392 1359/1359/1359 1358/1358/1358
f 1392/1392/1392 1393/1393/1393 1359/1359/1359
f 951/951/951 917/917/917 918/918/918
f 952/952/952 951/951/951 918/918/918
f 1393/1393/1393 1360/1360/1360 1359/1359/1359
f 1393/1393/1393 1394/1394/1394 1360/1360/1360
f 952/952/952 918/918/918 919/919/919
f 953/953/953 952/952/952 919/919/919
f 1394/1394/1394 1361/1361/1361 1360/1360/1360
f 1394/1394/1394 1395/1395/1395 1361/1361/1361
f 953/953/953 919/919/919 920/920/920
f 954/954/954 953/953/953 920/920/920
f 1395/1395/1395 1362/1362/1362 1361/1361/1361
f 1395/1395/1395 1396/1396/1396 1362/1362/1362
f 954/954/954 920/920/920 921/921/921
f 955/955/955 954/954/954 921/921/921
f 1396/1396/1396 1363/1363/1363 1362/1362/1362
f 1396/1396/1396 1397/1397/1397 1363/1363/1363
f 955/955/955 921/921/921 922/922/922
f 956/956/956 955/955/955 922/922/922
f 1397/1397/1397 1364/1364/1364 1363/1363/1363
f 1397/1397/1397 1398/1398/1398 1364/1364/1364
f 956/956/956 922/922/922 923/923/923
f 957/957/957 956/956/956 923/923/923
f 1398/1398/1398 1365/1365/1365 1364/1364/1364
f 1398/1398/1398 1399/1399/1399 1365/1365/1365
f 957/957/957 923/923/923 924/924/924
f 958/958/958 957/957/957 924/924/924
f 1399/1399/1399 1366/1366/1366 1365/1365/1365
f 1399/1399/1399 1400/1400/1400 1366/1366/1366
f 958/958/958 924/924/924 925/925/925
f 959/959/959 958/958/958 925/925/925
f 1400/1400/1400 1367/1367/1367 1366/1366/1366
f 1400/1400/1400 1401/1401/1401 1367/1367/1367
f 959/959/959 925/925/925 926/926/926
f 960/960/960 959/959/959 926/926/926
f 1401/1401/1401 1368/1368/1368 1367/1367/1367
f 1401/1401/1401 1402/1402/1402 1368/1368/1368
f 960/960/960 926/926/926 927/927/927
f 961/961/961 960/960/960 927/927/927
f 1402/1402/1402 1369/1369/1369 1368/1368/1368
f 1402/1402/1402 1403/1403/1403 1369/1369/1369
f 961/961/961 927/927/927 928/928/928
f 962/962/962 961/961/961 928/928/928
f 1403/1403/1403 1370/1370/1370 1369/1369/1369
f 1403/1403/1403 1404/1404/1404 1370/1370/1370
f 962/962/962 928/928/928 929/929/929
f 963/963/963 962/962/962 929/929/929
f 1404/1404/1404 1371/1371/1371 1370/1370/1370
f 1404/1404/1404 1405/1405/1405 1371/1371/1371
f 963/963/963 929/929/929 930/930/930
f 964/964/964 963/963/963 930/930/930
f 1405/1405/1405 1372/1372/1372 1371/1371/1371
f 1405/1405/1405 1406/1406/1406 1372/1372/1372
f 964/964/964 930/930/930 931/931/931
f 965/965/965 964/964/964 931/931/931
f 1406/1406/1406 1373/1373/1373 1372/1372/1372
f 1406/1406/1406 1407/1407/1407 1373/1373/1373
f 965/965/965 931/931/931 932/932/932
f 966/966/966 965/965/965 932/932/932
f 1407/1407/1407 1374/1374/1374 1373/1373/1373
f 1407/1407/1407 1408/1408/1408 1374/1374/1374
f 966/966/966 932/932/932 933/933/933
f 967/967/967 966/966/966 933/933/933
f 1408/1408/1408 1375/1375/1375 1374/1374/1374
f 1408/1408/1408 1409/1409/1409 1375/1375/1375
f 967/967/967 933/933/933 934/934/934
f 968/968/968 967/967/967 934/934/934
f 1409/1409/1409 1376/1376/1376 1375/1375/1375
f 1409/1409/1409 1410/1410/1410 1376/1376/1376
f 968/968/968 934/934/934 935/935/935
f 969/969/969 968/968/968 935/935/935
f 1410/1410/1410 1377/1377/1377 1376/1376/1376
f 1410/1410/1410 1411/1411/1411 1377/1377/1377
f 969/969/969 935/935/935 936/936/936
f 970/970/970 969/969/969 936/936/936
f 1411/1411/1411 1378/1378/1378 1377/1377/1377
f 1411/1411/1411 1412/1412/1412 1378/1378/1378
